LnID,DID,BLID,FLID,BNID,FNID,JCT,BLID2,BLID3,BLID4,FLID2,FLID3,FLID4,ClossID,Span,LCnt,Lno,LaneType,LimitVel,RefVel,RoadSecID,LaneChgFG,LinkWAID
1,0,0,2,1,2,0,0,0,0,0,0,0,0,,1,1,0,20,20,0,0,0
2,0,1,3,2,3,0,0,0,0,0,0,0,0,,1,1,0,20,20,0,0,0
3,0,2,4,3,4,0,0,0,0,0,0,0,0,,1,1,0,20,20,0,0,0
4,0,3,5,4,5,0,0,0,0,0,0,0,0,,1,1,0,20,20,0,0,0
5,0,4,6,5,6,0,0,0,0,0,0,0,0,,1,1,0,20,20,0,0,0
6,0,5,7,6,7,0,0,0,0,0,0,0,0,,1,1,0,20,20,0,0,0
7,0,6,8,7,8,0,0,0,0,0,0,0,0,,1,1,0,20,20,0,0,0
8,0,7,9,8,9,0,0,0,0,0,0,0,0,,1,1,0,20,20,0,0,0
9,0,8,10,9,10,0,0,0,0,0,0,0,0,,1,1,0,20,20,0,0,0
10,0,9,11,10,11,0,0,0,0,0,0,0,0,,1,1,0,20,20,0,0,0
11,0,10,12,11,12,0,0,0,0,0,0,0,0,,1,1,0,20,20,0,0,0
12,0,11,13,12,13,0,0,0,0,0,0,0,0,,1,1,0,20,20,0,0,0
13,0,12,14,13,14,0,0,0,0,0,0,0,0,,1,1,0,20,20,0,0,0
14,0,13,15,14,15,0,0,0,0,0,0,0,0,,1,1,0,20,20,0,0,0
15,0,14,16,15,16,0,0,0,0,0,0,0,0,,1,1,0,20,20,0,0,0
16,0,15,17,16,17,0,0,0,0,0,0,0,0,,1,1,0,20,20,0,0,0
17,0,16,18,17,18,0,0,0,0,0,0,0,0,,1,1,0,20,20,0,0,0
18,0,17,19,18,19,0,0,0,0,0,0,0,0,,1,1,0,20,20,0,0,0
19,0,18,20,19,20,0,0,0,0,0,0,0,0,,1,1,0,20,20,0,0,0
20,0,19,21,20,21,0,0,0,0,0,0,0,0,,1,1,0,20,20,0,0,0
21,0,20,22,21,22,0,0,0,0,0,0,0,0,,1,1,0,20,20,0,0,0
22,0,21,23,22,23,0,0,0,0,0,0,0,0,,1,1,0,20,20,0,0,0
23,0,22,24,23,24,0,0,0,0,0,0,0,0,,1,1,0,20,20,0,0,0
24,0,23,25,24,25,0,0,0,0,0,0,0,0,,1,1,0,20,20,0,0,0
25,0,24,26,25,26,0,0,0,0,0,0,0,0,,1,1,0,20,20,0,0,0
26,0,25,27,26,27,0,0,0,0,0,0,0,0,,1,1,0,20,20,0,0,0
27,0,26,28,27,28,0,0,0,0,0,0,0,0,,1,1,0,20,20,0,0,0
28,0,27,29,28,29,0,0,0,0,0,0,0,0,,1,1,0,20,20,0,0,0
29,0,28,30,29,30,0,0,0,0,0,0,0,0,,1,1,0,20,20,0,0,0
30,0,29,31,30,31,0,0,0,0,0,0,0,0,,1,1,0,20,20,0,0,0
31,0,30,32,31,32,0,0,0,0,0,0,0,0,,1,1,0,20,20,0,0,0
32,0,31,33,32,33,0,0,0,0,0,0,0,0,,1,1,0,20,20,0,0,0
33,0,32,34,33,34,0,0,0,0,0,0,0,0,,1,1,0,20,20,0,0,0
34,0,33,35,34,35,0,0,0,0,0,0,0,0,,1,1,0,20,20,0,0,0
35,0,34,36,35,36,0,0,0,0,0,0,0,0,,1,1,0,20,20,0,0,0
36,0,35,37,36,37,0,0,0,0,0,0,0,0,,1,1,0,20,20,0,0,0
37,0,36,38,37,38,0,0,0,0,0,0,0,0,,1,1,0,20,20,0,0,0
38,0,37,39,38,39,0,0,0,0,0,0,0,0,,1,1,0,20,20,0,0,0
39,0,38,40,39,40,0,0,0,0,0,0,0,0,,1,1,0,20,20,0,0,0
40,0,39,41,40,41,0,0,0,0,0,0,0,0,,1,1,0,20,20,0,0,0
41,0,40,42,41,42,0,0,0,0,0,0,0,0,,1,1,0,20,20,0,0,0
42,0,41,43,42,43,0,0,0,0,0,0,0,0,,1,1,0,20,20,0,0,0
43,0,42,44,43,44,0,0,0,0,0,0,0,0,,1,1,0,20,20,0,0,0
44,0,43,45,44,45,0,0,0,0,0,0,0,0,,1,1,0,20,20,0,0,0
45,0,44,46,45,46,0,0,0,0,0,0,0,0,,1,1,0,20,20,0,0,0
46,0,45,47,46,47,0,0,0,0,0,0,0,0,,1,1,0,20,20,0,0,0
47,0,46,48,47,48,0,0,0,0,0,0,0,0,,1,1,0,20,20,0,0,0
48,0,47,49,48,49,0,0,0,0,0,0,0,0,,1,1,0,20,20,0,0,0
49,0,48,50,49,50,0,0,0,0,0,0,0,0,,1,1,0,20,20,0,0,0
50,0,49,51,50,51,0,0,0,0,0,0,0,0,,1,1,0,20,20,0,0,0
51,0,50,52,51,52,0,0,0,0,0,0,0,0,,1,1,0,20,20,0,0,0
52,0,51,53,52,53,0,0,0,0,0,0,0,0,,1,1,0,20,20,0,0,0
53,0,52,54,53,54,0,0,0,0,0,0,0,0,,1,1,0,20,20,0,0,0
54,0,53,55,54,55,0,0,0,0,0,0,0,0,,1,1,0,20,20,0,0,0
55,0,54,56,55,56,0,0,0,0,0,0,0,0,,1,1,0,20,20,0,0,0
56,0,55,57,56,57,0,0,0,0,0,0,0,0,,1,1,0,20,20,0,0,0
57,0,56,58,57,58,0,0,0,0,0,0,0,0,,1,1,0,20,20,0,0,0
58,0,57,59,58,59,0,0,0,0,0,0,0,0,,1,1,0,20,20,0,0,0
59,0,58,60,59,60,0,0,0,0,0,0,0,0,,1,1,0,20,20,0,0,0
60,0,59,61,60,61,0,0,0,0,0,0,0,0,,1,1,0,20,20,0,0,0
61,0,60,62,61,62,0,0,0,0,0,0,0,0,,1,1,0,20,20,0,0,0
62,0,61,63,62,63,0,0,0,0,0,0,0,0,,1,1,0,20,20,0,0,0
63,0,62,64,63,64,0,0,0,0,0,0,0,0,,1,1,0,20,20,0,0,0
64,0,63,65,64,65,0,0,0,0,0,0,0,0,,1,1,0,20,20,0,0,0
65,0,64,66,65,66,0,0,0,0,0,0,0,0,,1,1,0,20,20,0,0,0
66,0,65,67,66,67,0,0,0,0,0,0,0,0,,1,1,0,20,20,0,0,0
67,0,66,68,67,68,0,0,0,0,0,0,0,0,,1,1,0,20,20,0,0,0
68,0,67,69,68,69,0,0,0,0,0,0,0,0,,1,1,0,20,20,0,0,0
69,0,68,70,69,70,0,0,0,0,0,0,0,0,,1,1,0,20,20,0,0,0
70,0,69,71,70,71,0,0,0,0,0,0,0,0,,1,1,0,20,20,0,0,0
71,0,70,72,71,72,0,0,0,0,0,0,0,0,,1,1,0,20,20,0,0,0
72,0,71,73,72,73,0,0,0,0,0,0,0,0,,1,1,0,20,20,0,0,0
73,0,72,74,73,74,0,0,0,0,0,0,0,0,,1,1,0,20,20,0,0,0
74,0,73,75,74,75,0,0,0,0,0,0,0,0,,1,1,0,20,20,0,0,0
75,0,74,76,75,76,0,0,0,0,0,0,0,0,,1,1,0,20,20,0,0,0
76,0,75,77,76,77,0,0,0,0,0,0,0,0,,1,1,0,20,20,0,0,0
77,0,76,78,77,78,0,0,0,0,0,0,0,0,,1,1,0,20,20,0,0,0
78,0,77,79,78,79,0,0,0,0,0,0,0,0,,1,1,0,20,20,0,0,0
79,0,78,80,79,80,0,0,0,0,0,0,0,0,,1,1,0,20,20,0,0,0
80,0,79,81,80,81,0,0,0,0,0,0,0,0,,1,1,0,20,20,0,0,0
81,0,80,82,81,82,0,0,0,0,0,0,0,0,,1,1,0,20,20,0,0,0
82,0,81,83,82,83,0,0,0,0,0,0,0,0,,1,1,0,20,20,0,0,0
83,0,82,84,83,84,0,0,0,0,0,0,0,0,,1,1,0,20,20,0,0,0
84,0,83,85,84,85,0,0,0,0,0,0,0,0,,1,1,0,20,20,0,0,0
85,0,84,86,85,86,0,0,0,0,0,0,0,0,,1,1,0,20,20,0,0,0
86,0,85,87,86,87,0,0,0,0,0,0,0,0,,1,1,0,20,20,0,0,0
87,0,86,88,87,88,0,0,0,0,0,0,0,0,,1,1,0,20,20,0,0,0
88,0,87,89,88,89,0,0,0,0,0,0,0,0,,1,1,0,20,20,0,0,0
89,0,88,90,89,90,0,0,0,0,0,0,0,0,,1,1,0,20,20,0,0,0
90,0,89,91,90,91,0,0,0,0,0,0,0,0,,1,1,0,20,20,0,0,0
91,0,90,92,91,92,0,0,0,0,0,0,0,0,,1,1,0,20,20,0,0,0
92,0,91,93,92,93,0,0,0,0,0,0,0,0,,1,1,0,20,20,0,0,0
93,0,92,94,93,94,0,0,0,0,0,0,0,0,,1,1,0,20,20,0,0,0
94,0,93,95,94,95,0,0,0,0,0,0,0,0,,1,1,0,20,20,0,0,0
95,0,94,96,95,96,0,0,0,0,0,0,0,0,,1,1,0,20,20,0,0,0
96,0,95,97,96,97,0,0,0,0,0,0,0,0,,1,1,0,20,20,0,0,0
97,0,96,98,97,98,0,0,0,0,0,0,0,0,,1,1,0,20,20,0,0,0
98,0,97,99,98,99,0,0,0,0,0,0,0,0,,1,1,0,20,20,0,0,0
99,0,98,100,99,100,0,0,0,0,0,0,0,0,,1,1,0,20,20,0,0,0
100,0,99,101,100,101,0,0,0,0,0,0,0,0,,1,1,0,20,20,0,0,0
101,0,100,102,101,102,0,0,0,0,0,0,0,0,,1,1,0,20,20,0,0,0
102,0,101,103,102,103,0,0,0,0,0,0,0,0,,1,1,0,20,20,0,0,0
103,0,102,104,103,104,0,0,0,0,0,0,0,0,,1,1,0,20,20,0,0,0
104,0,103,105,104,105,0,0,0,0,0,0,0,0,,1,1,0,20,20,0,0,0
105,0,104,106,105,106,0,0,0,0,0,0,0,0,,1,1,0,20,20,0,0,0
106,0,105,107,106,107,0,0,0,0,0,0,0,0,,1,1,0,20,20,0,0,0
107,0,106,108,107,108,0,0,0,0,0,0,0,0,,1,1,0,20,20,0,0,0
108,0,107,109,108,109,0,0,0,0,0,0,0,0,,1,1,0,20,20,0,0,0
109,0,108,110,109,110,0,0,0,0,0,0,0,0,,1,1,0,20,20,0,0,0
110,0,109,111,110,111,0,0,0,0,0,0,0,0,,1,1,0,20,20,0,0,0
111,0,110,112,111,112,0,0,0,0,0,0,0,0,,1,1,0,20,20,0,0,0
112,0,111,113,112,113,0,0,0,0,0,0,0,0,,1,1,0,20,20,0,0,0
113,0,112,114,113,114,0,0,0,0,0,0,0,0,,1,1,0,20,20,0,0,0
114,0,113,115,114,115,0,0,0,0,0,0,0,0,,1,1,0,20,20,0,0,0
115,0,114,116,115,116,0,0,0,0,0,0,0,0,,1,1,0,20,20,0,0,0
116,0,115,117,116,117,0,0,0,0,0,0,0,0,,1,1,0,20,20,0,0,0
117,0,116,118,117,118,0,0,0,0,0,0,0,0,,1,1,0,20,20,0,0,0
118,0,117,119,118,119,0,0,0,0,0,0,0,0,,1,1,0,20,20,0,0,0
119,0,118,120,119,120,0,0,0,0,0,0,0,0,,1,1,0,20,20,0,0,0
120,0,119,121,120,121,0,0,0,0,0,0,0,0,,1,1,0,20,20,0,0,0
121,0,120,122,121,122,0,0,0,0,0,0,0,0,,1,1,0,20,20,0,0,0
122,0,121,123,122,123,0,0,0,0,0,0,0,0,,1,1,0,20,20,0,0,0
123,0,122,124,123,124,0,0,0,0,0,0,0,0,,1,1,0,20,20,0,0,0
124,0,123,125,124,125,0,0,0,0,0,0,0,0,,1,1,0,20,20,0,0,0
125,0,124,126,125,126,0,0,0,0,0,0,0,0,,1,1,0,20,20,0,0,0
126,0,125,127,126,127,0,0,0,0,0,0,0,0,,1,1,0,20,20,0,0,0
127,0,126,128,127,128,0,0,0,0,0,0,0,0,,1,1,0,20,20,0,0,0
128,0,127,129,128,129,0,0,0,0,0,0,0,0,,1,1,0,20,20,0,0,0
129,0,128,130,129,130,0,0,0,0,0,0,0,0,,1,1,0,20,20,0,0,0
130,0,129,131,130,131,0,0,0,0,0,0,0,0,,1,1,0,20,20,0,0,0
131,0,130,132,131,132,0,0,0,0,0,0,0,0,,1,1,0,20,20,0,0,0
132,0,131,133,132,133,0,0,0,0,0,0,0,0,,1,1,0,20,20,0,0,0
133,0,132,134,133,134,0,0,0,0,0,0,0,0,,1,1,0,20,20,0,0,0
134,0,133,135,134,135,0,0,0,0,0,0,0,0,,1,1,0,20,20,0,0,0
135,0,134,136,135,136,0,0,0,0,0,0,0,0,,1,1,0,20,20,0,0,0
136,0,135,137,136,137,0,0,0,0,0,0,0,0,,1,1,0,20,20,0,0,0
137,0,136,138,137,138,0,0,0,0,0,0,0,0,,1,1,0,20,20,0,0,0
138,0,137,139,138,139,0,0,0,0,0,0,0,0,,1,1,0,20,20,0,0,0
139,0,138,140,139,140,0,0,0,0,0,0,0,0,,1,1,0,20,20,0,0,0
140,0,139,141,140,141,0,0,0,0,0,0,0,0,,1,1,0,20,20,0,0,0
141,0,140,142,141,142,0,0,0,0,0,0,0,0,,1,1,0,20,20,0,0,0
142,0,141,143,142,143,0,0,0,0,0,0,0,0,,1,1,0,20,20,0,0,0
143,0,142,144,143,144,0,0,0,0,0,0,0,0,,1,1,0,20,20,0,0,0
144,0,143,145,144,145,0,0,0,0,0,0,0,0,,1,1,0,20,20,0,0,0
145,0,144,146,145,146,0,0,0,0,0,0,0,0,,1,1,0,20,20,0,0,0
146,0,145,147,146,147,0,0,0,0,0,0,0,0,,1,1,0,20,20,0,0,0
147,0,146,148,147,148,0,0,0,0,0,0,0,0,,1,1,0,20,20,0,0,0
148,0,147,149,148,149,0,0,0,0,0,0,0,0,,1,1,0,20,20,0,0,0
149,0,148,150,149,150,0,0,0,0,0,0,0,0,,1,1,0,20,20,0,0,0
150,0,149,151,150,151,0,0,0,0,0,0,0,0,,1,1,0,20,20,0,0,0
151,0,150,152,151,152,0,0,0,0,0,0,0,0,,1,1,0,20,20,0,0,0
152,0,151,153,152,153,0,0,0,0,0,0,0,0,,1,1,0,20,20,0,0,0
153,0,152,154,153,154,0,0,0,0,0,0,0,0,,1,1,0,20,20,0,0,0
154,0,153,155,154,155,0,0,0,0,0,0,0,0,,1,1,0,20,20,0,0,0
155,0,154,156,155,156,0,0,0,0,0,0,0,0,,1,1,0,20,20,0,0,0
156,0,155,157,156,157,0,0,0,0,0,0,0,0,,1,1,0,20,20,0,0,0
157,0,156,158,157,158,0,0,0,0,0,0,0,0,,1,1,0,20,20,0,0,0
158,0,157,159,158,159,0,0,0,0,0,0,0,0,,1,1,0,20,20,0,0,0
159,0,158,160,159,160,0,0,0,0,0,0,0,0,,1,1,0,20,20,0,0,0
160,0,159,161,160,161,0,0,0,0,0,0,0,0,,1,1,0,20,20,0,0,0
161,0,160,162,161,162,0,0,0,0,0,0,0,0,,1,1,0,20,20,0,0,0
162,0,161,163,162,163,0,0,0,0,0,0,0,0,,1,1,0,20,20,0,0,0
163,0,162,164,163,164,0,0,0,0,0,0,0,0,,1,1,0,20,20,0,0,0
164,0,163,165,164,165,0,0,0,0,0,0,0,0,,1,1,0,20,20,0,0,0
165,0,164,166,165,166,0,0,0,0,0,0,0,0,,1,1,0,20,20,0,0,0
166,0,165,167,166,167,0,0,0,0,0,0,0,0,,1,1,0,20,20,0,0,0
167,0,166,168,167,168,0,0,0,0,0,0,0,0,,1,1,0,20,20,0,0,0
168,0,167,169,168,169,0,0,0,0,0,0,0,0,,1,1,0,20,20,0,0,0
169,0,168,170,169,170,0,0,0,0,0,0,0,0,,1,1,0,20,20,0,0,0
170,0,169,171,170,171,0,0,0,0,0,0,0,0,,1,1,0,20,20,0,0,0
171,0,170,172,171,172,0,0,0,0,0,0,0,0,,1,1,0,20,20,0,0,0
172,0,171,173,172,173,0,0,0,0,0,0,0,0,,1,1,0,20,20,0,0,0
173,0,172,174,173,174,0,0,0,0,0,0,0,0,,1,1,0,20,20,0,0,0
174,0,173,175,174,175,0,0,0,0,0,0,0,0,,1,1,0,20,20,0,0,0
175,0,174,176,175,176,0,0,0,0,0,0,0,0,,1,1,0,20,20,0,0,0
176,0,175,177,176,177,0,0,0,0,0,0,0,0,,1,1,0,20,20,0,0,0
177,0,176,178,177,178,0,0,0,0,0,0,0,0,,1,1,0,20,20,0,0,0
178,0,177,179,178,179,0,0,0,0,0,0,0,0,,1,1,0,20,20,0,0,0
179,0,178,180,179,180,0,0,0,0,0,0,0,0,,1,1,0,20,20,0,0,0
180,0,179,181,180,181,0,0,0,0,0,0,0,0,,1,1,0,20,20,0,0,0
181,0,180,182,181,182,0,0,0,0,0,0,0,0,,1,1,0,20,20,0,0,0
182,0,181,183,182,183,0,0,0,0,0,0,0,0,,1,1,0,20,20,0,0,0
183,0,182,184,183,184,0,0,0,0,0,0,0,0,,1,1,0,20,20,0,0,0
184,0,183,185,184,185,0,0,0,0,0,0,0,0,,1,1,0,20,20,0,0,0
185,0,184,186,185,186,0,0,0,0,0,0,0,0,,1,1,0,20,20,0,0,0
186,0,185,187,186,187,0,0,0,0,0,0,0,0,,1,1,0,20,20,0,0,0
187,0,186,188,187,188,0,0,0,0,0,0,0,0,,1,1,0,20,20,0,0,0
188,0,187,189,188,189,0,0,0,0,0,0,0,0,,1,1,0,20,20,0,0,0
189,0,188,190,189,190,0,0,0,0,0,0,0,0,,1,1,0,20,20,0,0,0
190,0,189,191,190,191,0,0,0,0,0,0,0,0,,1,1,0,20,20,0,0,0
191,0,190,192,191,192,0,0,0,0,0,0,0,0,,1,1,0,20,20,0,0,0
192,0,191,193,192,193,0,0,0,0,0,0,0,0,,1,1,0,20,20,0,0,0
193,0,192,194,193,194,0,0,0,0,0,0,0,0,,1,1,0,20,20,0,0,0
194,0,193,195,194,195,0,0,0,0,0,0,0,0,,1,1,0,20,20,0,0,0
195,0,194,196,195,196,0,0,0,0,0,0,0,0,,1,1,0,20,20,0,0,0
196,0,195,197,196,197,0,0,0,0,0,0,0,0,,1,1,0,20,20,0,0,0
197,0,196,198,197,198,0,0,0,0,0,0,0,0,,1,1,0,20,20,0,0,0
198,0,197,199,198,199,0,0,0,0,0,0,0,0,,1,1,0,20,20,0,0,0
199,0,198,200,199,200,0,0,0,0,0,0,0,0,,1,1,0,20,20,0,0,0
200,0,199,201,200,201,0,0,0,0,0,0,0,0,,1,1,0,20,20,0,0,0
201,0,200,202,201,202,0,0,0,0,0,0,0,0,,1,1,0,20,20,0,0,0
202,0,201,203,202,203,0,0,0,0,0,0,0,0,,1,1,0,20,20,0,0,0
203,0,202,204,203,204,0,0,0,0,0,0,0,0,,1,1,0,20,20,0,0,0
204,0,203,205,204,205,0,0,0,0,0,0,0,0,,1,1,0,20,20,0,0,0
205,0,204,206,205,206,0,0,0,0,0,0,0,0,,1,1,0,20,20,0,0,0
206,0,205,207,206,207,0,0,0,0,0,0,0,0,,1,1,0,20,20,0,0,0
207,0,206,208,207,208,0,0,0,0,0,0,0,0,,1,1,0,20,20,0,0,0
208,0,207,209,208,209,0,0,0,0,0,0,0,0,,1,1,0,20,20,0,0,0
209,0,208,210,209,210,0,0,0,0,0,0,0,0,,1,1,0,20,20,0,0,0
210,0,209,211,210,211,0,0,0,0,0,0,0,0,,1,1,0,20,20,0,0,0
211,0,210,212,211,212,0,0,0,0,0,0,0,0,,1,1,0,20,20,0,0,0
212,0,211,213,212,213,0,0,0,0,0,0,0,0,,1,1,0,20,20,0,0,0
213,0,212,214,213,214,0,0,0,0,0,0,0,0,,1,1,0,20,20,0,0,0
214,0,213,215,214,215,0,0,0,0,0,0,0,0,,1,1,0,20,20,0,0,0
215,0,214,216,215,216,0,0,0,0,0,0,0,0,,1,1,0,20,20,0,0,0
216,0,215,217,216,217,0,0,0,0,0,0,0,0,,1,1,0,20,20,0,0,0
217,0,216,218,217,218,0,0,0,0,0,0,0,0,,1,1,0,20,20,0,0,0
218,0,217,219,218,219,0,0,0,0,0,0,0,0,,1,1,0,20,20,0,0,0
219,0,218,220,219,220,0,0,0,0,0,0,0,0,,1,1,0,20,20,0,0,0
220,0,219,221,220,221,0,0,0,0,0,0,0,0,,1,1,0,20,20,0,0,0
221,0,220,222,221,222,0,0,0,0,0,0,0,0,,1,1,0,20,20,0,0,0
222,0,221,223,222,223,0,0,0,0,0,0,0,0,,1,1,0,20,20,0,0,0
223,0,222,224,223,224,0,0,0,0,0,0,0,0,,1,1,0,20,20,0,0,0
224,0,223,225,224,225,0,0,0,0,0,0,0,0,,1,1,0,20,20,0,0,0
225,0,224,226,225,226,0,0,0,0,0,0,0,0,,1,1,0,20,20,0,0,0
226,0,225,227,226,227,0,0,0,0,0,0,0,0,,1,1,0,20,20,0,0,0
227,0,226,228,227,228,0,0,0,0,0,0,0,0,,1,1,0,20,20,0,0,0
228,0,227,229,228,229,0,0,0,0,0,0,0,0,,1,1,0,20,20,0,0,0
229,0,228,230,229,230,0,0,0,0,0,0,0,0,,1,1,0,20,20,0,0,0
230,0,229,231,230,231,0,0,0,0,0,0,0,0,,1,1,0,20,20,0,0,0
231,0,230,232,231,232,0,0,0,0,0,0,0,0,,1,1,0,20,20,0,0,0
232,0,231,233,232,233,0,0,0,0,0,0,0,0,,1,1,0,20,20,0,0,0
233,0,232,234,233,234,0,0,0,0,0,0,0,0,,1,1,0,20,20,0,0,0
234,0,233,235,234,235,0,0,0,0,0,0,0,0,,1,1,0,20,20,0,0,0
235,0,234,236,235,236,0,0,0,0,0,0,0,0,,1,1,0,20,20,0,0,0
236,0,235,237,236,237,0,0,0,0,0,0,0,0,,1,1,0,20,20,0,0,0
237,0,236,238,237,238,0,0,0,0,0,0,0,0,,1,1,0,20,20,0,0,0
238,0,237,239,238,239,0,0,0,0,0,0,0,0,,1,1,0,20,20,0,0,0
239,0,238,240,239,240,0,0,0,0,0,0,0,0,,1,1,0,20,20,0,0,0
240,0,239,241,240,241,0,0,0,0,0,0,0,0,,1,1,0,20,20,0,0,0
241,0,240,242,241,242,0,0,0,0,0,0,0,0,,1,1,0,20,20,0,0,0
242,0,241,243,242,243,0,0,0,0,0,0,0,0,,1,1,0,20,20,0,0,0
243,0,242,244,243,244,0,0,0,0,0,0,0,0,,1,1,0,20,20,0,0,0
244,0,243,245,244,245,0,0,0,0,0,0,0,0,,1,1,0,20,20,0,0,0
245,0,244,246,245,246,0,0,0,0,0,0,0,0,,1,1,0,20,20,0,0,0
246,0,245,247,246,247,0,0,0,0,0,0,0,0,,1,1,0,20,20,0,0,0
247,0,246,248,247,248,0,0,0,0,0,0,0,0,,1,1,0,20,20,0,0,0
248,0,247,249,248,249,0,0,0,0,0,0,0,0,,1,1,0,20,20,0,0,0
249,0,248,250,249,250,0,0,0,0,0,0,0,0,,1,1,0,20,20,0,0,0
250,0,249,251,250,251,0,0,0,0,0,0,0,0,,1,1,0,20,20,0,0,0
251,0,250,252,251,252,0,0,0,0,0,0,0,0,,1,1,0,20,20,0,0,0
252,0,251,253,252,253,0,0,0,0,0,0,0,0,,1,1,0,20,20,0,0,0
253,0,252,254,253,254,0,0,0,0,0,0,0,0,,1,1,0,20,20,0,0,0
254,0,253,255,254,255,0,0,0,0,0,0,0,0,,1,1,0,20,20,0,0,0
255,0,254,256,255,256,0,0,0,0,0,0,0,0,,1,1,0,20,20,0,0,0
256,0,255,257,256,257,0,0,0,0,0,0,0,0,,1,1,0,20,20,0,0,0
257,0,256,258,257,258,0,0,0,0,0,0,0,0,,1,1,0,20,20,0,0,0
258,0,257,259,258,259,0,0,0,0,0,0,0,0,,1,1,0,20,20,0,0,0
259,0,258,260,259,260,0,0,0,0,0,0,0,0,,1,1,0,20,20,0,0,0
260,0,259,261,260,261,0,0,0,0,0,0,0,0,,1,1,0,20,20,0,0,0
261,0,260,262,261,262,0,0,0,0,0,0,0,0,,1,1,0,20,20,0,0,0
262,0,261,263,262,263,0,0,0,0,0,0,0,0,,1,1,0,20,20,0,0,0
263,0,262,264,263,264,0,0,0,0,0,0,0,0,,1,1,0,20,20,0,0,0
264,0,263,265,264,265,0,0,0,0,0,0,0,0,,1,1,0,20,20,0,0,0
265,0,264,266,265,266,0,0,0,0,0,0,0,0,,1,1,0,20,20,0,0,0
266,0,265,267,266,267,0,0,0,0,0,0,0,0,,1,1,0,20,20,0,0,0
267,0,266,268,267,268,0,0,0,0,0,0,0,0,,1,1,0,20,20,0,0,0
268,0,267,269,268,269,0,0,0,0,0,0,0,0,,1,1,0,20,20,0,0,0
269,0,268,270,269,270,0,0,0,0,0,0,0,0,,1,1,0,20,20,0,0,0
270,0,269,271,270,271,0,0,0,0,0,0,0,0,,1,1,0,20,20,0,0,0
271,0,270,272,271,272,0,0,0,0,0,0,0,0,,1,1,0,20,20,0,0,0
272,0,271,273,272,273,0,0,0,0,0,0,0,0,,1,1,0,20,20,0,0,0
273,0,272,274,273,274,0,0,0,0,0,0,0,0,,1,1,0,20,20,0,0,0
274,0,273,275,274,275,0,0,0,0,0,0,0,0,,1,1,0,20,20,0,0,0
275,0,274,276,275,276,0,0,0,0,0,0,0,0,,1,1,0,20,20,0,0,0
276,0,275,277,276,277,0,0,0,0,0,0,0,0,,1,1,0,20,20,0,0,0
277,0,276,278,277,278,0,0,0,0,0,0,0,0,,1,1,0,20,20,0,0,0
278,0,277,279,278,279,0,0,0,0,0,0,0,0,,1,1,0,20,20,0,0,0
279,0,278,280,279,280,0,0,0,0,0,0,0,0,,1,1,0,20,20,0,0,0
280,0,279,281,280,281,0,0,0,0,0,0,0,0,,1,1,0,20,20,0,0,0
281,0,280,282,281,282,0,0,0,0,0,0,0,0,,1,1,0,20,20,0,0,0
282,0,281,283,282,283,0,0,0,0,0,0,0,0,,1,1,0,20,20,0,0,0
283,0,282,284,283,284,0,0,0,0,0,0,0,0,,1,1,0,20,20,0,0,0
284,0,283,285,284,285,0,0,0,0,0,0,0,0,,1,1,0,20,20,0,0,0
285,0,284,286,285,286,0,0,0,0,0,0,0,0,,1,1,0,20,20,0,0,0
286,0,285,287,286,287,0,0,0,0,0,0,0,0,,1,1,0,20,20,0,0,0
287,0,286,288,287,288,0,0,0,0,0,0,0,0,,1,1,0,20,20,0,0,0
288,0,287,289,288,289,0,0,0,0,0,0,0,0,,1,1,0,20,20,0,0,0
289,0,288,290,289,290,0,0,0,0,0,0,0,0,,1,1,0,20,20,0,0,0
290,0,289,291,290,291,0,0,0,0,0,0,0,0,,1,1,0,20,20,0,0,0
291,0,290,292,291,292,0,0,0,0,0,0,0,0,,1,1,0,20,20,0,0,0
292,0,291,293,292,293,0,0,0,0,0,0,0,0,,1,1,0,20,20,0,0,0
293,0,292,294,293,294,0,0,0,0,0,0,0,0,,1,1,0,20,20,0,0,0
294,0,293,295,294,295,0,0,0,0,0,0,0,0,,1,1,0,20,20,0,0,0
295,0,294,296,295,296,0,0,0,0,0,0,0,0,,1,1,0,20,20,0,0,0
296,0,295,297,296,297,0,0,0,0,0,0,0,0,,1,1,0,20,20,0,0,0
297,0,296,298,297,298,0,0,0,0,0,0,0,0,,1,1,0,20,20,0,0,0
298,0,297,299,298,299,0,0,0,0,0,0,0,0,,1,1,0,20,20,0,0,0
299,0,298,300,299,300,0,0,0,0,0,0,0,0,,1,1,0,20,20,0,0,0
300,0,299,301,300,301,0,0,0,0,0,0,0,0,,1,1,0,20,20,0,0,0
301,0,300,302,301,302,0,0,0,0,0,0,0,0,,1,1,0,20,20,0,0,0
302,0,301,303,302,303,0,0,0,0,0,0,0,0,,1,1,0,20,20,0,0,0
303,0,302,304,303,304,0,0,0,0,0,0,0,0,,1,1,0,20,20,0,0,0
304,0,303,305,304,305,0,0,0,0,0,0,0,0,,1,1,0,20,20,0,0,0
305,0,304,306,305,306,0,0,0,0,0,0,0,0,,1,1,0,20,20,0,0,0
306,0,305,307,306,307,0,0,0,0,0,0,0,0,,1,1,0,20,20,0,0,0
307,0,306,308,307,308,0,0,0,0,0,0,0,0,,1,1,0,20,20,0,0,0
308,0,307,309,308,309,0,0,0,0,0,0,0,0,,1,1,0,20,20,0,0,0
309,0,308,310,309,310,0,0,0,0,0,0,0,0,,1,1,0,20,20,0,0,0
310,0,309,311,310,311,0,0,0,0,0,0,0,0,,1,1,0,20,20,0,0,0
311,0,310,312,311,312,0,0,0,0,0,0,0,0,,1,1,0,20,20,0,0,0
312,0,311,313,312,313,0,0,0,0,0,0,0,0,,1,1,0,20,20,0,0,0
313,0,312,314,313,314,0,0,0,0,0,0,0,0,,1,1,0,20,20,0,0,0
314,0,313,315,314,315,0,0,0,0,0,0,0,0,,1,1,0,20,20,0,0,0
315,0,314,316,315,316,0,0,0,0,0,0,0,0,,1,1,0,20,20,0,0,0
316,0,315,317,316,317,0,0,0,0,0,0,0,0,,1,1,0,20,20,0,0,0
317,0,316,318,317,318,0,0,0,0,0,0,0,0,,1,1,0,20,20,0,0,0
318,0,317,319,318,319,0,0,0,0,0,0,0,0,,1,1,0,20,20,0,0,0
319,0,318,320,319,320,0,0,0,0,0,0,0,0,,1,1,0,20,20,0,0,0
320,0,319,321,320,321,0,0,0,0,0,0,0,0,,1,1,0,20,20,0,0,0
321,0,320,322,321,322,0,0,0,0,0,0,0,0,,1,1,0,20,20,0,0,0
322,0,321,323,322,323,0,0,0,0,0,0,0,0,,1,1,0,20,20,0,0,0
323,0,322,324,323,324,0,0,0,0,0,0,0,0,,1,1,0,20,20,0,0,0
324,0,323,325,324,325,0,0,0,0,0,0,0,0,,1,1,0,20,20,0,0,0
325,0,324,326,325,326,0,0,0,0,0,0,0,0,,1,1,0,20,20,0,0,0
326,0,325,327,326,327,0,0,0,0,0,0,0,0,,1,1,0,20,20,0,0,0
327,0,326,328,327,328,0,0,0,0,0,0,0,0,,1,1,0,20,20,0,0,0
328,0,327,329,328,329,0,0,0,0,0,0,0,0,,1,1,0,20,20,0,0,0
329,0,328,330,329,330,0,0,0,0,0,0,0,0,,1,1,0,20,20,0,0,0
330,0,329,331,330,331,0,0,0,0,0,0,0,0,,1,1,0,20,20,0,0,0
331,0,330,332,331,332,0,0,0,0,0,0,0,0,,1,1,0,20,20,0,0,0
332,0,331,333,332,333,0,0,0,0,0,0,0,0,,1,1,0,20,20,0,0,0
333,0,332,334,333,334,0,0,0,0,0,0,0,0,,1,1,0,20,20,0,0,0
334,0,333,335,334,335,0,0,0,0,0,0,0,0,,1,1,0,20,20,0,0,0
335,0,334,336,335,336,0,0,0,0,0,0,0,0,,1,1,0,20,20,0,0,0
336,0,335,337,336,337,0,0,0,0,0,0,0,0,,1,1,0,20,20,0,0,0
337,0,336,338,337,338,0,0,0,0,0,0,0,0,,1,1,0,20,20,0,0,0
338,0,337,339,338,339,0,0,0,0,0,0,0,0,,1,1,0,20,20,0,0,0
339,0,338,340,339,340,0,0,0,0,0,0,0,0,,1,1,0,20,20,0,0,0
340,0,339,341,340,341,0,0,0,0,0,0,0,0,,1,1,0,20,20,0,0,0
341,0,340,342,341,342,0,0,0,0,0,0,0,0,,1,1,0,20,20,0,0,0
342,0,341,343,342,343,0,0,0,0,0,0,0,0,,1,1,0,20,20,0,0,0
343,0,342,344,343,344,0,0,0,0,0,0,0,0,,1,1,0,20,20,0,0,0
344,0,343,345,344,345,0,0,0,0,0,0,0,0,,1,1,0,20,20,0,0,0
345,0,344,346,345,346,0,0,0,0,0,0,0,0,,1,1,0,20,20,0,0,0
346,0,345,347,346,347,0,0,0,0,0,0,0,0,,1,1,0,20,20,0,0,0
347,0,346,348,347,348,0,0,0,0,0,0,0,0,,1,1,0,20,20,0,0,0
348,0,347,349,348,349,0,0,0,0,0,0,0,0,,1,1,0,20,20,0,0,0
349,0,348,350,349,350,0,0,0,0,0,0,0,0,,1,1,0,20,20,0,0,0
350,0,349,351,350,351,0,0,0,0,0,0,0,0,,1,1,0,20,20,0,0,0
351,0,350,352,351,352,0,0,0,0,0,0,0,0,,1,1,0,20,20,0,0,0
352,0,351,353,352,353,0,0,0,0,0,0,0,0,,1,1,0,20,20,0,0,0
353,0,352,354,353,354,0,0,0,0,0,0,0,0,,1,1,0,20,20,0,0,0
354,0,353,355,354,355,0,0,0,0,0,0,0,0,,1,1,0,20,20,0,0,0
355,0,354,356,355,356,0,0,0,0,0,0,0,0,,1,1,0,20,20,0,0,0
356,0,355,357,356,357,0,0,0,0,0,0,0,0,,1,1,0,20,20,0,0,0
357,0,356,358,357,358,0,0,0,0,0,0,0,0,,1,1,0,20,20,0,0,0
358,0,357,359,358,359,0,0,0,0,0,0,0,0,,1,1,0,20,20,0,0,0
359,0,358,360,359,360,0,0,0,0,0,0,0,0,,1,1,0,20,20,0,0,0
360,0,359,361,360,361,0,0,0,0,0,0,0,0,,1,1,0,20,20,0,0,0
361,0,360,362,361,362,0,0,0,0,0,0,0,0,,1,1,0,20,20,0,0,0
362,0,361,363,362,363,0,0,0,0,0,0,0,0,,1,1,0,20,20,0,0,0
363,0,362,364,363,364,0,0,0,0,0,0,0,0,,1,1,0,20,20,0,0,0
364,0,363,365,364,365,0,0,0,0,0,0,0,0,,1,1,0,20,20,0,0,0
365,0,364,366,365,366,0,0,0,0,0,0,0,0,,1,1,0,20,20,0,0,0
366,0,365,367,366,367,0,0,0,0,0,0,0,0,,1,1,0,20,20,0,0,0
367,0,366,368,367,368,0,0,0,0,0,0,0,0,,1,1,0,20,20,0,0,0
368,0,367,369,368,369,0,0,0,0,0,0,0,0,,1,1,0,20,20,0,0,0
369,0,368,370,369,370,0,0,0,0,0,0,0,0,,1,1,0,20,20,0,0,0
370,0,369,371,370,371,0,0,0,0,0,0,0,0,,1,1,0,20,20,0,0,0
371,0,370,372,371,372,0,0,0,0,0,0,0,0,,1,1,0,20,20,0,0,0
372,0,371,373,372,373,0,0,0,0,0,0,0,0,,1,1,0,20,20,0,0,0
373,0,372,374,373,374,0,0,0,0,0,0,0,0,,1,1,0,20,20,0,0,0
374,0,373,375,374,375,0,0,0,0,0,0,0,0,,1,1,0,20,20,0,0,0
375,0,374,376,375,376,0,0,0,0,0,0,0,0,,1,1,0,20,20,0,0,0
376,0,375,377,376,377,0,0,0,0,0,0,0,0,,1,1,0,20,20,0,0,0
377,0,376,378,377,378,0,0,0,0,0,0,0,0,,1,1,0,20,20,0,0,0
378,0,377,379,378,379,0,0,0,0,0,0,0,0,,1,1,0,20,20,0,0,0
379,0,378,380,379,380,0,0,0,0,0,0,0,0,,1,1,0,20,20,0,0,0
380,0,379,381,380,381,0,0,0,0,0,0,0,0,,1,1,0,20,20,0,0,0
381,0,380,382,381,382,0,0,0,0,0,0,0,0,,1,1,0,20,20,0,0,0
382,0,381,383,382,383,0,0,0,0,0,0,0,0,,1,1,0,20,20,0,0,0
383,0,382,384,383,384,0,0,0,0,0,0,0,0,,1,1,0,20,20,0,0,0
384,0,383,385,384,385,0,0,0,0,0,0,0,0,,1,1,0,20,20,0,0,0
385,0,384,386,385,386,0,0,0,0,0,0,0,0,,1,1,0,20,20,0,0,0
386,0,385,387,386,387,0,0,0,0,0,0,0,0,,1,1,0,20,20,0,0,0
387,0,386,388,387,388,0,0,0,0,0,0,0,0,,1,1,0,20,20,0,0,0
388,0,387,389,388,389,0,0,0,0,0,0,0,0,,1,1,0,20,20,0,0,0
389,0,388,390,389,390,0,0,0,0,0,0,0,0,,1,1,0,20,20,0,0,0
390,0,389,391,390,391,0,0,0,0,0,0,0,0,,1,1,0,20,20,0,0,0
391,0,390,392,391,392,0,0,0,0,0,0,0,0,,1,1,0,20,20,0,0,0
392,0,391,393,392,393,0,0,0,0,0,0,0,0,,1,1,0,20,20,0,0,0
393,0,392,394,393,394,0,0,0,0,0,0,0,0,,1,1,0,20,20,0,0,0
394,0,393,395,394,395,0,0,0,0,0,0,0,0,,1,1,0,20,20,0,0,0
395,0,394,396,395,396,0,0,0,0,0,0,0,0,,1,1,0,20,20,0,0,0
396,0,395,397,396,397,0,0,0,0,0,0,0,0,,1,1,0,20,20,0,0,0
397,0,396,398,397,398,0,0,0,0,0,0,0,0,,1,1,0,20,20,0,0,0
398,0,397,399,398,399,0,0,0,0,0,0,0,0,,1,1,0,20,20,0,0,0
399,0,398,400,399,400,0,0,0,0,0,0,0,0,,1,1,0,20,20,0,0,0
400,0,399,401,400,401,0,0,0,0,0,0,0,0,,1,1,0,20,20,0,0,0
401,0,400,402,401,402,0,0,0,0,0,0,0,0,,1,1,0,20,20,0,0,0
402,0,401,403,402,403,0,0,0,0,0,0,0,0,,1,1,0,20,20,0,0,0
403,0,402,404,403,404,0,0,0,0,0,0,0,0,,1,1,0,20,20,0,0,0
404,0,403,405,404,405,0,0,0,0,0,0,0,0,,1,1,0,20,20,0,0,0
405,0,404,406,405,406,0,0,0,0,0,0,0,0,,1,1,0,20,20,0,0,0
406,0,405,407,406,407,0,0,0,0,0,0,0,0,,1,1,0,20,20,0,0,0
407,0,406,408,407,408,0,0,0,0,0,0,0,0,,1,1,0,20,20,0,0,0
408,0,407,409,408,409,0,0,0,0,0,0,0,0,,1,1,0,20,20,0,0,0
409,0,408,410,409,410,0,0,0,0,0,0,0,0,,1,1,0,20,20,0,0,0
410,0,409,411,410,411,0,0,0,0,0,0,0,0,,1,1,0,20,20,0,0,0
411,0,410,412,411,412,0,0,0,0,0,0,0,0,,1,1,0,20,20,0,0,0
412,0,411,413,412,413,0,0,0,0,0,0,0,0,,1,1,0,20,20,0,0,0
413,0,412,414,413,414,0,0,0,0,0,0,0,0,,1,1,0,20,20,0,0,0
414,0,413,415,414,415,0,0,0,0,0,0,0,0,,1,1,0,20,20,0,0,0
415,0,414,416,415,416,0,0,0,0,0,0,0,0,,1,1,0,20,20,0,0,0
416,0,415,417,416,417,0,0,0,0,0,0,0,0,,1,1,0,20,20,0,0,0
417,0,416,418,417,418,0,0,0,0,0,0,0,0,,1,1,0,20,20,0,0,0
418,0,417,419,418,419,0,0,0,0,0,0,0,0,,1,1,0,20,20,0,0,0
419,0,418,420,419,420,0,0,0,0,0,0,0,0,,1,1,0,20,20,0,0,0
420,0,419,421,420,421,0,0,0,0,0,0,0,0,,1,1,0,20,20,0,0,0
421,0,420,422,421,422,0,0,0,0,0,0,0,0,,1,1,0,20,20,0,0,0
422,0,421,423,422,423,0,0,0,0,0,0,0,0,,1,1,0,20,20,0,0,0
423,0,422,424,423,424,0,0,0,0,0,0,0,0,,1,1,0,20,20,0,0,0
424,0,423,425,424,425,0,0,0,0,0,0,0,0,,1,1,0,20,20,0,0,0
425,0,424,426,425,426,0,0,0,0,0,0,0,0,,1,1,0,20,20,0,0,0
426,0,425,427,426,427,0,0,0,0,0,0,0,0,,1,1,0,20,20,0,0,0
427,0,426,428,427,428,0,0,0,0,0,0,0,0,,1,1,0,20,20,0,0,0
428,0,427,429,428,429,0,0,0,0,0,0,0,0,,1,1,0,20,20,0,0,0
429,0,428,430,429,430,0,0,0,0,0,0,0,0,,1,1,0,20,20,0,0,0
430,0,429,431,430,431,0,0,0,0,0,0,0,0,,1,1,0,20,20,0,0,0
431,0,430,432,431,432,0,0,0,0,0,0,0,0,,1,1,0,20,20,0,0,0
432,0,431,433,432,433,0,0,0,0,0,0,0,0,,1,1,0,20,20,0,0,0
433,0,432,434,433,434,0,0,0,0,0,0,0,0,,1,1,0,20,20,0,0,0
434,0,433,435,434,435,0,0,0,0,0,0,0,0,,1,1,0,20,20,0,0,0
435,0,434,436,435,436,0,0,0,0,0,0,0,0,,1,1,0,20,20,0,0,0
436,0,435,437,436,437,0,0,0,0,0,0,0,0,,1,1,0,20,20,0,0,0
437,0,436,438,437,438,0,0,0,0,0,0,0,0,,1,1,0,20,20,0,0,0
438,0,437,439,438,439,0,0,0,0,0,0,0,0,,1,1,0,20,20,0,0,0
439,0,438,440,439,440,0,0,0,0,0,0,0,0,,1,1,0,20,20,0,0,0
440,0,439,441,440,441,0,0,0,0,0,0,0,0,,1,1,0,20,20,0,0,0
441,0,440,442,441,442,0,0,0,0,0,0,0,0,,1,1,0,20,20,0,0,0
442,0,441,443,442,443,0,0,0,0,0,0,0,0,,1,1,0,20,20,0,0,0
443,0,442,444,443,444,0,0,0,0,0,0,0,0,,1,1,0,20,20,0,0,0
444,0,443,445,444,445,0,0,0,0,0,0,0,0,,1,1,0,20,20,0,0,0
445,0,444,446,445,446,0,0,0,0,0,0,0,0,,1,1,0,20,20,0,0,0
446,0,445,447,446,447,0,0,0,0,0,0,0,0,,1,1,0,20,20,0,0,0
447,0,446,448,447,448,0,0,0,0,0,0,0,0,,1,1,0,20,20,0,0,0
448,0,447,449,448,449,0,0,0,0,0,0,0,0,,1,1,0,20,20,0,0,0
449,0,448,450,449,450,0,0,0,0,0,0,0,0,,1,1,0,20,20,0,0,0
450,0,449,451,450,451,0,0,0,0,0,0,0,0,,1,1,0,20,20,0,0,0
451,0,450,452,451,452,0,0,0,0,0,0,0,0,,1,1,0,20,20,0,0,0
452,0,451,453,452,453,0,0,0,0,0,0,0,0,,1,1,0,20,20,0,0,0
453,0,452,454,453,454,0,0,0,0,0,0,0,0,,1,1,0,20,20,0,0,0
454,0,453,455,454,455,0,0,0,0,0,0,0,0,,1,1,0,20,20,0,0,0
455,0,454,456,455,456,0,0,0,0,0,0,0,0,,1,1,0,20,20,0,0,0
456,0,455,457,456,457,0,0,0,0,0,0,0,0,,1,1,0,20,20,0,0,0
457,0,456,458,457,458,0,0,0,0,0,0,0,0,,1,1,0,20,20,0,0,0
458,0,457,459,458,459,0,0,0,0,0,0,0,0,,1,1,0,20,20,0,0,0
459,0,458,460,459,460,0,0,0,0,0,0,0,0,,1,1,0,20,20,0,0,0
460,0,459,461,460,461,0,0,0,0,0,0,0,0,,1,1,0,20,20,0,0,0
461,0,460,462,461,462,0,0,0,0,0,0,0,0,,1,1,0,20,20,0,0,0
462,0,461,463,462,463,0,0,0,0,0,0,0,0,,1,1,0,20,20,0,0,0
463,0,462,464,463,464,0,0,0,0,0,0,0,0,,1,1,0,20,20,0,0,0
464,0,463,465,464,465,0,0,0,0,0,0,0,0,,1,1,0,20,20,0,0,0
465,0,464,466,465,466,0,0,0,0,0,0,0,0,,1,1,0,20,20,0,0,0
466,0,465,467,466,467,0,0,0,0,0,0,0,0,,1,1,0,20,20,0,0,0
467,0,466,468,467,468,0,0,0,0,0,0,0,0,,1,1,0,20,20,0,0,0
468,0,467,469,468,469,0,0,0,0,0,0,0,0,,1,1,0,20,20,0,0,0
469,0,468,470,469,470,0,0,0,0,0,0,0,0,,1,1,0,20,20,0,0,0
470,0,469,471,470,471,0,0,0,0,0,0,0,0,,1,1,0,20,20,0,0,0
471,0,470,472,471,472,0,0,0,0,0,0,0,0,,1,1,0,20,20,0,0,0
472,0,471,473,472,473,0,0,0,0,0,0,0,0,,1,1,0,20,20,0,0,0
473,0,472,474,473,474,0,0,0,0,0,0,0,0,,1,1,0,20,20,0,0,0
474,0,473,475,474,475,0,0,0,0,0,0,0,0,,1,1,0,20,20,0,0,0
475,0,474,476,475,476,0,0,0,0,0,0,0,0,,1,1,0,20,20,0,0,0
476,0,475,477,476,477,0,0,0,0,0,0,0,0,,1,1,0,20,20,0,0,0
477,0,476,478,477,478,0,0,0,0,0,0,0,0,,1,1,0,20,20,0,0,0
478,0,477,479,478,479,0,0,0,0,0,0,0,0,,1,1,0,20,20,0,0,0
479,0,478,480,479,480,0,0,0,0,0,0,0,0,,1,1,0,20,20,0,0,0
480,0,479,481,480,481,0,0,0,0,0,0,0,0,,1,1,0,20,20,0,0,0
481,0,480,482,481,482,0,0,0,0,0,0,0,0,,1,1,0,20,20,0,0,0
482,0,481,483,482,483,0,0,0,0,0,0,0,0,,1,1,0,20,20,0,0,0
483,0,482,484,483,484,0,0,0,0,0,0,0,0,,1,1,0,20,20,0,0,0
484,0,483,485,484,485,0,0,0,0,0,0,0,0,,1,1,0,20,20,0,0,0
485,0,484,486,485,486,0,0,0,0,0,0,0,0,,1,1,0,20,20,0,0,0
486,0,485,487,486,487,0,0,0,0,0,0,0,0,,1,1,0,20,20,0,0,0
487,0,486,488,487,488,0,0,0,0,0,0,0,0,,1,1,0,20,20,0,0,0
488,0,487,489,488,489,0,0,0,0,0,0,0,0,,1,1,0,20,20,0,0,0
489,0,488,490,489,490,0,0,0,0,0,0,0,0,,1,1,0,20,20,0,0,0
490,0,489,491,490,491,0,0,0,0,0,0,0,0,,1,1,0,20,20,0,0,0
491,0,490,492,491,492,0,0,0,0,0,0,0,0,,1,1,0,20,20,0,0,0
492,0,491,493,492,493,0,0,0,0,0,0,0,0,,1,1,0,20,20,0,0,0
493,0,492,494,493,494,0,0,0,0,0,0,0,0,,1,1,0,20,20,0,0,0
494,0,493,495,494,495,0,0,0,0,0,0,0,0,,1,1,0,20,20,0,0,0
495,0,494,496,495,496,0,0,0,0,0,0,0,0,,1,1,0,20,20,0,0,0
496,0,495,497,496,497,0,0,0,0,0,0,0,0,,1,1,0,20,20,0,0,0
497,0,496,498,497,498,0,0,0,0,0,0,0,0,,1,1,0,20,20,0,0,0
498,0,497,499,498,499,0,0,0,0,0,0,0,0,,1,1,0,20,20,0,0,0
499,0,498,500,499,500,0,0,0,0,0,0,0,0,,1,1,0,20,20,0,0,0
500,0,499,501,500,501,0,0,0,0,0,0,0,0,,1,1,0,20,20,0,0,0
501,0,500,502,501,502,0,0,0,0,0,0,0,0,,1,1,0,20,20,0,0,0
502,0,501,503,502,503,0,0,0,0,0,0,0,0,,1,1,0,20,20,0,0,0
503,0,502,504,503,504,0,0,0,0,0,0,0,0,,1,1,0,20,20,0,0,0
504,0,503,505,504,505,0,0,0,0,0,0,0,0,,1,1,0,20,20,0,0,0
505,0,504,506,505,506,0,0,0,0,0,0,0,0,,1,1,0,20,20,0,0,0
506,0,505,507,506,507,0,0,0,0,0,0,0,0,,1,1,0,20,20,0,0,0
507,0,506,508,507,508,0,0,0,0,0,0,0,0,,1,1,0,20,20,0,0,0
508,0,507,509,508,509,0,0,0,0,0,0,0,0,,1,1,0,20,20,0,0,0
509,0,508,510,509,510,0,0,0,0,0,0,0,0,,1,1,0,20,20,0,0,0
510,0,509,511,510,511,0,0,0,0,0,0,0,0,,1,1,0,20,20,0,0,0
511,0,510,512,511,512,0,0,0,0,0,0,0,0,,1,1,0,20,20,0,0,0
512,0,511,513,512,513,0,0,0,0,0,0,0,0,,1,1,0,20,20,0,0,0
513,0,512,514,513,514,0,0,0,0,0,0,0,0,,1,1,0,20,20,0,0,0
514,0,513,515,514,515,0,0,0,0,0,0,0,0,,1,1,0,20,20,0,0,0
515,0,514,516,515,516,0,0,0,0,0,0,0,0,,1,1,0,20,20,0,0,0
516,0,515,517,516,517,0,0,0,0,0,0,0,0,,1,1,0,20,20,0,0,0
517,0,516,518,517,518,0,0,0,0,0,0,0,0,,1,1,0,20,20,0,0,0
518,0,517,519,518,519,0,0,0,0,0,0,0,0,,1,1,0,20,20,0,0,0
519,0,518,520,519,520,0,0,0,0,0,0,0,0,,1,1,0,20,20,0,0,0
520,0,519,521,520,521,0,0,0,0,0,0,0,0,,1,1,0,20,20,0,0,0
521,0,520,522,521,522,0,0,0,0,0,0,0,0,,1,1,0,20,20,0,0,0
522,0,521,523,522,523,0,0,0,0,0,0,0,0,,1,1,0,20,20,0,0,0
523,0,522,524,523,524,0,0,0,0,0,0,0,0,,1,1,0,20,20,0,0,0
524,0,523,525,524,525,0,0,0,0,0,0,0,0,,1,1,0,20,20,0,0,0
525,0,524,526,525,526,0,0,0,0,0,0,0,0,,1,1,0,20,20,0,0,0
526,0,525,527,526,527,0,0,0,0,0,0,0,0,,1,1,0,20,20,0,0,0
527,0,526,528,527,528,0,0,0,0,0,0,0,0,,1,1,0,20,20,0,0,0
528,0,527,529,528,529,0,0,0,0,0,0,0,0,,1,1,0,20,20,0,0,0
529,0,528,530,529,530,0,0,0,0,0,0,0,0,,1,1,0,20,20,0,0,0
530,0,529,531,530,531,0,0,0,0,0,0,0,0,,1,1,0,20,20,0,0,0
531,0,530,532,531,532,0,0,0,0,0,0,0,0,,1,1,0,20,20,0,0,0
532,0,531,533,532,533,0,0,0,0,0,0,0,0,,1,1,0,20,20,0,0,0
533,0,532,534,533,534,0,0,0,0,0,0,0,0,,1,1,0,20,20,0,0,0
534,0,533,535,534,535,0,0,0,0,0,0,0,0,,1,1,0,20,20,0,0,0
535,0,534,536,535,536,0,0,0,0,0,0,0,0,,1,1,0,20,20,0,0,0
536,0,535,537,536,537,0,0,0,0,0,0,0,0,,1,1,0,20,20,0,0,0
537,0,536,538,537,538,0,0,0,0,0,0,0,0,,1,1,0,20,20,0,0,0
538,0,537,539,538,539,0,0,0,0,0,0,0,0,,1,1,0,20,20,0,0,0
539,0,538,540,539,540,0,0,0,0,0,0,0,0,,1,1,0,20,20,0,0,0
540,0,539,541,540,541,0,0,0,0,0,0,0,0,,1,1,0,20,20,0,0,0
541,0,540,542,541,542,0,0,0,0,0,0,0,0,,1,1,0,20,20,0,0,0
542,0,541,543,542,543,0,0,0,0,0,0,0,0,,1,1,0,20,20,0,0,0
543,0,542,544,543,544,0,0,0,0,0,0,0,0,,1,1,0,20,20,0,0,0
544,0,543,545,544,545,0,0,0,0,0,0,0,0,,1,1,0,20,20,0,0,0
545,0,544,546,545,546,0,0,0,0,0,0,0,0,,1,1,0,20,20,0,0,0
546,0,545,547,546,547,0,0,0,0,0,0,0,0,,1,1,0,20,20,0,0,0
547,0,546,548,547,548,0,0,0,0,0,0,0,0,,1,1,0,20,20,0,0,0
548,0,547,549,548,549,0,0,0,0,0,0,0,0,,1,1,0,20,20,0,0,0
549,0,548,550,549,550,0,0,0,0,0,0,0,0,,1,1,0,20,20,0,0,0
550,0,549,551,550,551,0,0,0,0,0,0,0,0,,1,1,0,20,20,0,0,0
551,0,550,552,551,552,0,0,0,0,0,0,0,0,,1,1,0,20,20,0,0,0
552,0,551,553,552,553,0,0,0,0,0,0,0,0,,1,1,0,20,20,0,0,0
553,0,552,554,553,554,0,0,0,0,0,0,0,0,,1,1,0,20,20,0,0,0
554,0,553,555,554,555,0,0,0,0,0,0,0,0,,1,1,0,20,20,0,0,0
555,0,554,556,555,556,0,0,0,0,0,0,0,0,,1,1,0,20,20,0,0,0
556,0,555,557,556,557,0,0,0,0,0,0,0,0,,1,1,0,20,20,0,0,0
557,0,556,558,557,558,0,0,0,0,0,0,0,0,,1,1,0,20,20,0,0,0
558,0,557,559,558,559,0,0,0,0,0,0,0,0,,1,1,0,20,20,0,0,0
559,0,558,560,559,560,0,0,0,0,0,0,0,0,,1,1,0,20,20,0,0,0
560,0,559,561,560,561,0,0,0,0,0,0,0,0,,1,1,0,20,20,0,0,0
561,0,560,562,561,562,0,0,0,0,0,0,0,0,,1,1,0,20,20,0,0,0
562,0,561,563,562,563,0,0,0,0,0,0,0,0,,1,1,0,20,20,0,0,0
563,0,562,564,563,564,0,0,0,0,0,0,0,0,,1,1,0,20,20,0,0,0
564,0,563,565,564,565,0,0,0,0,0,0,0,0,,1,1,0,20,20,0,0,0
565,0,564,566,565,566,0,0,0,0,0,0,0,0,,1,1,0,20,20,0,0,0
566,0,565,567,566,567,0,0,0,0,0,0,0,0,,1,1,0,20,20,0,0,0
567,0,566,568,567,568,0,0,0,0,0,0,0,0,,1,1,0,20,20,0,0,0
568,0,567,569,568,569,0,0,0,0,0,0,0,0,,1,1,0,20,20,0,0,0
569,0,568,570,569,570,0,0,0,0,0,0,0,0,,1,1,0,20,20,0,0,0
570,0,569,571,570,571,0,0,0,0,0,0,0,0,,1,1,0,20,20,0,0,0
571,0,570,572,571,572,0,0,0,0,0,0,0,0,,1,1,0,20,20,0,0,0
572,0,571,573,572,573,0,0,0,0,0,0,0,0,,1,1,0,20,20,0,0,0
573,0,572,574,573,574,0,0,0,0,0,0,0,0,,1,1,0,20,20,0,0,0
574,0,573,575,574,575,0,0,0,0,0,0,0,0,,1,1,0,20,20,0,0,0
575,0,574,576,575,576,0,0,0,0,0,0,0,0,,1,1,0,20,20,0,0,0
576,0,575,577,576,577,0,0,0,0,0,0,0,0,,1,1,0,20,20,0,0,0
577,0,576,578,577,578,0,0,0,0,0,0,0,0,,1,1,0,20,20,0,0,0
578,0,577,579,578,579,0,0,0,0,0,0,0,0,,1,1,0,20,20,0,0,0
579,0,578,580,579,580,0,0,0,0,0,0,0,0,,1,1,0,20,20,0,0,0
580,0,579,581,580,581,0,0,0,0,0,0,0,0,,1,1,0,20,20,0,0,0
581,0,580,582,581,582,0,0,0,0,0,0,0,0,,1,1,0,20,20,0,0,0
582,0,581,583,582,583,0,0,0,0,0,0,0,0,,1,1,0,20,20,0,0,0
583,0,582,584,583,584,0,0,0,0,0,0,0,0,,1,1,0,20,20,0,0,0
584,0,583,585,584,585,0,0,0,0,0,0,0,0,,1,1,0,20,20,0,0,0
585,0,584,586,585,586,0,0,0,0,0,0,0,0,,1,1,0,20,20,0,0,0
586,0,585,587,586,587,0,0,0,0,0,0,0,0,,1,1,0,20,20,0,0,0
587,0,586,588,587,588,0,0,0,0,0,0,0,0,,1,1,0,20,20,0,0,0
588,0,587,589,588,589,0,0,0,0,0,0,0,0,,1,1,0,20,20,0,0,0
589,0,588,590,589,590,0,0,0,0,0,0,0,0,,1,1,0,20,20,0,0,0
590,0,589,591,590,591,0,0,0,0,0,0,0,0,,1,1,0,20,20,0,0,0
591,0,590,592,591,592,0,0,0,0,0,0,0,0,,1,1,0,20,20,0,0,0
592,0,591,593,592,593,0,0,0,0,0,0,0,0,,1,1,0,20,20,0,0,0
593,0,592,594,593,594,0,0,0,0,0,0,0,0,,1,1,0,20,20,0,0,0
594,0,593,595,594,595,0,0,0,0,0,0,0,0,,1,1,0,20,20,0,0,0
595,0,594,596,595,596,0,0,0,0,0,0,0,0,,1,1,0,20,20,0,0,0
596,0,595,597,596,597,0,0,0,0,0,0,0,0,,1,1,0,20,20,0,0,0
597,0,596,598,597,598,0,0,0,0,0,0,0,0,,1,1,0,20,20,0,0,0
598,0,597,599,598,599,0,0,0,0,0,0,0,0,,1,1,0,20,20,0,0,0
599,0,598,600,599,600,0,0,0,0,0,0,0,0,,1,1,0,20,20,0,0,0
600,0,599,601,600,601,0,0,0,0,0,0,0,0,,1,1,0,20,20,0,0,0
601,0,600,602,601,602,0,0,0,0,0,0,0,0,,1,1,0,20,20,0,0,0
602,0,601,603,602,603,0,0,0,0,0,0,0,0,,1,1,0,20,20,0,0,0
603,0,602,604,603,604,0,0,0,0,0,0,0,0,,1,1,0,20,20,0,0,0
604,0,603,605,604,605,0,0,0,0,0,0,0,0,,1,1,0,20,20,0,0,0
605,0,604,606,605,606,0,0,0,0,0,0,0,0,,1,1,0,20,20,0,0,0
606,0,605,607,606,607,0,0,0,0,0,0,0,0,,1,1,0,20,20,0,0,0
607,0,606,608,607,608,0,0,0,0,0,0,0,0,,1,1,0,20,20,0,0,0
608,0,607,609,608,609,0,0,0,0,0,0,0,0,,1,1,0,20,20,0,0,0
609,0,608,610,609,610,0,0,0,0,0,0,0,0,,1,1,0,20,20,0,0,0
610,0,609,611,610,611,0,0,0,0,0,0,0,0,,1,1,0,20,20,0,0,0
611,0,610,612,611,612,0,0,0,0,0,0,0,0,,1,1,0,20,20,0,0,0
612,0,611,613,612,613,0,0,0,0,0,0,0,0,,1,1,0,20,20,0,0,0
613,0,612,614,613,614,0,0,0,0,0,0,0,0,,1,1,0,20,20,0,0,0
614,0,613,615,614,615,0,0,0,0,0,0,0,0,,1,1,0,20,20,0,0,0
615,0,614,616,615,616,0,0,0,0,0,0,0,0,,1,1,0,20,20,0,0,0
616,0,615,617,616,617,0,0,0,0,0,0,0,0,,1,1,0,20,20,0,0,0
617,0,616,618,617,618,0,0,0,0,0,0,0,0,,1,1,0,20,20,0,0,0
618,0,617,619,618,619,0,0,0,0,0,0,0,0,,1,1,0,20,20,0,0,0
619,0,618,620,619,620,0,0,0,0,0,0,0,0,,1,1,0,20,20,0,0,0
620,0,619,621,620,621,0,0,0,0,0,0,0,0,,1,1,0,20,20,0,0,0
621,0,620,622,621,622,0,0,0,0,0,0,0,0,,1,1,0,20,20,0,0,0
622,0,621,623,622,623,0,0,0,0,0,0,0,0,,1,1,0,20,20,0,0,0
623,0,622,624,623,624,0,0,0,0,0,0,0,0,,1,1,0,20,20,0,0,0
624,0,623,625,624,625,0,0,0,0,0,0,0,0,,1,1,0,20,20,0,0,0
625,0,624,626,625,626,0,0,0,0,0,0,0,0,,1,1,0,20,20,0,0,0
626,0,625,627,626,627,0,0,0,0,0,0,0,0,,1,1,0,20,20,0,0,0
627,0,626,628,627,628,0,0,0,0,0,0,0,0,,1,1,0,20,20,0,0,0
628,0,627,629,628,629,0,0,0,0,0,0,0,0,,1,1,0,20,20,0,0,0
629,0,628,630,629,630,0,0,0,0,0,0,0,0,,1,1,0,20,20,0,0,0
630,0,629,631,630,631,0,0,0,0,0,0,0,0,,1,1,0,20,20,0,0,0
631,0,630,632,631,632,0,0,0,0,0,0,0,0,,1,1,0,20,20,0,0,0
632,0,631,633,632,633,0,0,0,0,0,0,0,0,,1,1,0,20,20,0,0,0
633,0,632,634,633,634,0,0,0,0,0,0,0,0,,1,1,0,20,20,0,0,0
634,0,633,635,634,635,0,0,0,0,0,0,0,0,,1,1,0,20,20,0,0,0
635,0,634,636,635,636,0,0,0,0,0,0,0,0,,1,1,0,20,20,0,0,0
636,0,635,637,636,637,0,0,0,0,0,0,0,0,,1,1,0,20,20,0,0,0
637,0,636,638,637,638,0,0,0,0,0,0,0,0,,1,1,0,20,20,0,0,0
638,0,637,639,638,639,0,0,0,0,0,0,0,0,,1,1,0,20,20,0,0,0
639,0,638,640,639,640,0,0,0,0,0,0,0,0,,1,1,0,20,20,0,0,0
640,0,639,641,640,641,0,0,0,0,0,0,0,0,,1,1,0,20,20,0,0,0
641,0,640,642,641,642,0,0,0,0,0,0,0,0,,1,1,0,20,20,0,0,0
642,0,641,643,642,643,0,0,0,0,0,0,0,0,,1,1,0,20,20,0,0,0
643,0,642,644,643,644,0,0,0,0,0,0,0,0,,1,1,0,20,20,0,0,0
644,0,643,645,644,645,0,0,0,0,0,0,0,0,,1,1,0,20,20,0,0,0
645,0,644,646,645,646,0,0,0,0,0,0,0,0,,1,1,0,20,20,0,0,0
646,0,645,647,646,647,0,0,0,0,0,0,0,0,,1,1,0,20,20,0,0,0
647,0,646,648,647,648,0,0,0,0,0,0,0,0,,1,1,0,20,20,0,0,0
648,0,647,649,648,649,0,0,0,0,0,0,0,0,,1,1,0,20,20,0,0,0
649,0,648,650,649,650,0,0,0,0,0,0,0,0,,1,1,0,20,20,0,0,0
650,0,649,651,650,651,0,0,0,0,0,0,0,0,,1,1,0,20,20,0,0,0
651,0,650,652,651,652,0,0,0,0,0,0,0,0,,1,1,0,20,20,0,0,0
652,0,651,653,652,653,0,0,0,0,0,0,0,0,,1,1,0,20,20,0,0,0
653,0,652,654,653,654,0,0,0,0,0,0,0,0,,1,1,0,20,20,0,0,0
654,0,653,655,654,655,0,0,0,0,0,0,0,0,,1,1,0,20,20,0,0,0
655,0,654,656,655,656,0,0,0,0,0,0,0,0,,1,1,0,20,20,0,0,0
656,0,655,657,656,657,0,0,0,0,0,0,0,0,,1,1,0,20,20,0,0,0
657,0,656,658,657,658,0,0,0,0,0,0,0,0,,1,1,0,20,20,0,0,0
658,0,657,659,658,659,0,0,0,0,0,0,0,0,,1,1,0,20,20,0,0,0
659,0,658,660,659,660,0,0,0,0,0,0,0,0,,1,1,0,20,20,0,0,0
660,0,659,661,660,661,0,0,0,0,0,0,0,0,,1,1,0,20,20,0,0,0
661,0,660,662,661,662,0,0,0,0,0,0,0,0,,1,1,0,20,20,0,0,0
662,0,661,663,662,663,0,0,0,0,0,0,0,0,,1,1,0,20,20,0,0,0
663,0,662,664,663,664,0,0,0,0,0,0,0,0,,1,1,0,20,20,0,0,0
664,0,663,665,664,665,0,0,0,0,0,0,0,0,,1,1,0,20,20,0,0,0
665,0,664,666,665,666,0,0,0,0,0,0,0,0,,1,1,0,20,20,0,0,0
666,0,665,667,666,667,0,0,0,0,0,0,0,0,,1,1,0,20,20,0,0,0
667,0,666,668,667,668,0,0,0,0,0,0,0,0,,1,1,0,20,20,0,0,0
668,0,667,669,668,669,0,0,0,0,0,0,0,0,,1,1,0,20,20,0,0,0
669,0,668,670,669,670,0,0,0,0,0,0,0,0,,1,1,0,20,20,0,0,0
670,0,669,671,670,671,0,0,0,0,0,0,0,0,,1,1,0,20,20,0,0,0
671,0,670,672,671,672,0,0,0,0,0,0,0,0,,1,1,0,20,20,0,0,0
672,0,671,673,672,673,0,0,0,0,0,0,0,0,,1,1,0,20,20,0,0,0
673,0,672,674,673,674,0,0,0,0,0,0,0,0,,1,1,0,20,20,0,0,0
674,0,673,675,674,675,0,0,0,0,0,0,0,0,,1,1,0,20,20,0,0,0
675,0,674,676,675,676,0,0,0,0,0,0,0,0,,1,1,0,20,20,0,0,0
676,0,675,677,676,677,0,0,0,0,0,0,0,0,,1,1,0,20,20,0,0,0
677,0,676,678,677,678,0,0,0,0,0,0,0,0,,1,1,0,20,20,0,0,0
678,0,677,679,678,679,0,0,0,0,0,0,0,0,,1,1,0,20,20,0,0,0
679,0,678,680,679,680,0,0,0,0,0,0,0,0,,1,1,0,20,20,0,0,0
680,0,679,681,680,681,0,0,0,0,0,0,0,0,,1,1,0,20,20,0,0,0
681,0,680,682,681,682,0,0,0,0,0,0,0,0,,1,1,0,20,20,0,0,0
682,0,681,683,682,683,0,0,0,0,0,0,0,0,,1,1,0,20,20,0,0,0
683,0,682,684,683,684,0,0,0,0,0,0,0,0,,1,1,0,20,20,0,0,0
684,0,683,685,684,685,0,0,0,0,0,0,0,0,,1,1,0,20,20,0,0,0
685,0,684,686,685,686,0,0,0,0,0,0,0,0,,1,1,0,20,20,0,0,0
686,0,685,687,686,687,0,0,0,0,0,0,0,0,,1,1,0,20,20,0,0,0
687,0,686,688,687,688,0,0,0,0,0,0,0,0,,1,1,0,20,20,0,0,0
688,0,687,689,688,689,0,0,0,0,0,0,0,0,,1,1,0,20,20,0,0,0
689,0,688,690,689,690,0,0,0,0,0,0,0,0,,1,1,0,20,20,0,0,0
690,0,689,691,690,691,0,0,0,0,0,0,0,0,,1,1,0,20,20,0,0,0
691,0,690,692,691,692,0,0,0,0,0,0,0,0,,1,1,0,20,20,0,0,0
692,0,691,693,692,693,0,0,0,0,0,0,0,0,,1,1,0,20,20,0,0,0
693,0,692,694,693,694,0,0,0,0,0,0,0,0,,1,1,0,20,20,0,0,0
694,0,693,695,694,695,0,0,0,0,0,0,0,0,,1,1,0,20,20,0,0,0
695,0,694,696,695,696,0,0,0,0,0,0,0,0,,1,1,0,20,20,0,0,0
696,0,695,697,696,697,0,0,0,0,0,0,0,0,,1,1,0,20,20,0,0,0
697,0,696,698,697,698,0,0,0,0,0,0,0,0,,1,1,0,20,20,0,0,0
698,0,697,699,698,699,0,0,0,0,0,0,0,0,,1,1,0,20,20,0,0,0
699,0,698,700,699,700,0,0,0,0,0,0,0,0,,1,1,0,20,20,0,0,0
700,0,699,701,700,701,0,0,0,0,0,0,0,0,,1,1,0,20,20,0,0,0
701,0,700,702,701,702,0,0,0,0,0,0,0,0,,1,1,0,20,20,0,0,0
702,0,701,703,702,703,0,0,0,0,0,0,0,0,,1,1,0,20,20,0,0,0
703,0,702,704,703,704,0,0,0,0,0,0,0,0,,1,1,0,20,20,0,0,0
704,0,703,705,704,705,0,0,0,0,0,0,0,0,,1,1,0,20,20,0,0,0
705,0,704,706,705,706,0,0,0,0,0,0,0,0,,1,1,0,20,20,0,0,0
706,0,705,707,706,707,0,0,0,0,0,0,0,0,,1,1,0,20,20,0,0,0
707,0,706,708,707,708,0,0,0,0,0,0,0,0,,1,1,0,20,20,0,0,0
708,0,707,709,708,709,0,0,0,0,0,0,0,0,,1,1,0,20,20,0,0,0
709,0,708,710,709,710,0,0,0,0,0,0,0,0,,1,1,0,20,20,0,0,0
710,0,709,711,710,711,0,0,0,0,0,0,0,0,,1,1,0,20,20,0,0,0
711,0,710,712,711,712,0,0,0,0,0,0,0,0,,1,1,0,20,20,0,0,0
712,0,711,713,712,713,0,0,0,0,0,0,0,0,,1,1,0,20,20,0,0,0
713,0,712,714,713,714,0,0,0,0,0,0,0,0,,1,1,0,20,20,0,0,0
714,0,713,715,714,715,0,0,0,0,0,0,0,0,,1,1,0,20,20,0,0,0
715,0,714,716,715,716,0,0,0,0,0,0,0,0,,1,1,0,20,20,0,0,0
716,0,715,717,716,717,0,0,0,0,0,0,0,0,,1,1,0,20,20,0,0,0
717,0,716,718,717,718,0,0,0,0,0,0,0,0,,1,1,0,20,20,0,0,0
718,0,717,719,718,719,0,0,0,0,0,0,0,0,,1,1,0,20,20,0,0,0
719,0,718,720,719,720,0,0,0,0,0,0,0,0,,1,1,0,20,20,0,0,0
720,0,719,721,720,721,0,0,0,0,0,0,0,0,,1,1,0,20,20,0,0,0
721,0,720,722,721,722,0,0,0,0,0,0,0,0,,1,1,0,20,20,0,0,0
722,0,721,723,722,723,0,0,0,0,0,0,0,0,,1,1,0,20,20,0,0,0
723,0,722,724,723,724,0,0,0,0,0,0,0,0,,1,1,0,20,20,0,0,0
724,0,723,725,724,725,0,0,0,0,0,0,0,0,,1,1,0,20,20,0,0,0
725,0,724,726,725,726,0,0,0,0,0,0,0,0,,1,1,0,20,20,0,0,0
726,0,725,727,726,727,0,0,0,0,0,0,0,0,,1,1,0,20,20,0,0,0
727,0,726,728,727,728,0,0,0,0,0,0,0,0,,1,1,0,20,20,0,0,0
728,0,727,729,728,729,0,0,0,0,0,0,0,0,,1,1,0,20,20,0,0,0
729,0,728,730,729,730,0,0,0,0,0,0,0,0,,1,1,0,20,20,0,0,0
730,0,729,731,730,731,0,0,0,0,0,0,0,0,,1,1,0,20,20,0,0,0
731,0,730,732,731,732,0,0,0,0,0,0,0,0,,1,1,0,20,20,0,0,0
732,0,731,733,732,733,0,0,0,0,0,0,0,0,,1,1,0,20,20,0,0,0
733,0,732,734,733,734,0,0,0,0,0,0,0,0,,1,1,0,20,20,0,0,0
734,0,733,735,734,735,0,0,0,0,0,0,0,0,,1,1,0,20,20,0,0,0
735,0,734,736,735,736,0,0,0,0,0,0,0,0,,1,1,0,20,20,0,0,0
736,0,735,737,736,737,0,0,0,0,0,0,0,0,,1,1,0,20,20,0,0,0
737,0,736,738,737,738,0,0,0,0,0,0,0,0,,1,1,0,20,20,0,0,0
738,0,737,739,738,739,0,0,0,0,0,0,0,0,,1,1,0,20,20,0,0,0
739,0,738,740,739,740,0,0,0,0,0,0,0,0,,1,1,0,20,20,0,0,0
740,0,739,741,740,741,0,0,0,0,0,0,0,0,,1,1,0,20,20,0,0,0
741,0,740,742,741,742,0,0,0,0,0,0,0,0,,1,1,0,20,20,0,0,0
742,0,741,743,742,743,0,0,0,0,0,0,0,0,,1,1,0,20,20,0,0,0
743,0,742,744,743,744,0,0,0,0,0,0,0,0,,1,1,0,20,20,0,0,0
744,0,743,745,744,745,0,0,0,0,0,0,0,0,,1,1,0,20,20,0,0,0
745,0,744,746,745,746,0,0,0,0,0,0,0,0,,1,1,0,20,20,0,0,0
746,0,745,747,746,747,0,0,0,0,0,0,0,0,,1,1,0,20,20,0,0,0
747,0,746,748,747,748,0,0,0,0,0,0,0,0,,1,1,0,20,20,0,0,0
748,0,747,749,748,749,0,0,0,0,0,0,0,0,,1,1,0,20,20,0,0,0
749,0,748,750,749,750,0,0,0,0,0,0,0,0,,1,1,0,20,20,0,0,0
750,0,749,751,750,751,0,0,0,0,0,0,0,0,,1,1,0,20,20,0,0,0
751,0,750,752,751,752,0,0,0,0,0,0,0,0,,1,1,0,20,20,0,0,0
752,0,751,753,752,753,0,0,0,0,0,0,0,0,,1,1,0,20,20,0,0,0
753,0,752,754,753,754,0,0,0,0,0,0,0,0,,1,1,0,20,20,0,0,0
754,0,753,755,754,755,0,0,0,0,0,0,0,0,,1,1,0,20,20,0,0,0
755,0,754,756,755,756,0,0,0,0,0,0,0,0,,1,1,0,20,20,0,0,0
756,0,755,757,756,757,0,0,0,0,0,0,0,0,,1,1,0,20,20,0,0,0
757,0,756,758,757,758,0,0,0,0,0,0,0,0,,1,1,0,20,20,0,0,0
758,0,757,759,758,759,0,0,0,0,0,0,0,0,,1,1,0,20,20,0,0,0
759,0,758,760,759,760,0,0,0,0,0,0,0,0,,1,1,0,20,20,0,0,0
760,0,759,761,760,761,0,0,0,0,0,0,0,0,,1,1,0,20,20,0,0,0
761,0,760,762,761,762,0,0,0,0,0,0,0,0,,1,1,0,20,20,0,0,0
762,0,761,763,762,763,0,0,0,0,0,0,0,0,,1,1,0,20,20,0,0,0
763,0,762,764,763,764,0,0,0,0,0,0,0,0,,1,1,0,20,20,0,0,0
764,0,763,765,764,765,0,0,0,0,0,0,0,0,,1,1,0,20,20,0,0,0
765,0,764,766,765,766,0,0,0,0,0,0,0,0,,1,1,0,20,20,0,0,0
766,0,765,767,766,767,0,0,0,0,0,0,0,0,,1,1,0,20,20,0,0,0
767,0,766,768,767,768,0,0,0,0,0,0,0,0,,1,1,0,20,20,0,0,0
768,0,767,769,768,769,0,0,0,0,0,0,0,0,,1,1,0,20,20,0,0,0
769,0,768,770,769,770,0,0,0,0,0,0,0,0,,1,1,0,20,20,0,0,0
770,0,769,771,770,771,0,0,0,0,0,0,0,0,,1,1,0,20,20,0,0,0
771,0,770,772,771,772,0,0,0,0,0,0,0,0,,1,1,0,20,20,0,0,0
772,0,771,773,772,773,0,0,0,0,0,0,0,0,,1,1,0,20,20,0,0,0
773,0,772,774,773,774,0,0,0,0,0,0,0,0,,1,1,0,20,20,0,0,0
774,0,773,775,774,775,0,0,0,0,0,0,0,0,,1,1,0,20,20,0,0,0
775,0,774,776,775,776,0,0,0,0,0,0,0,0,,1,1,0,20,20,0,0,0
776,0,775,777,776,777,0,0,0,0,0,0,0,0,,1,1,0,20,20,0,0,0
777,0,776,778,777,778,0,0,0,0,0,0,0,0,,1,1,0,20,20,0,0,0
778,0,777,779,778,779,0,0,0,0,0,0,0,0,,1,1,0,20,20,0,0,0
779,0,778,780,779,780,0,0,0,0,0,0,0,0,,1,1,0,20,20,0,0,0
780,0,779,781,780,781,0,0,0,0,0,0,0,0,,1,1,0,20,20,0,0,0
781,0,780,782,781,782,0,0,0,0,0,0,0,0,,1,1,0,20,20,0,0,0
782,0,781,783,782,783,0,0,0,0,0,0,0,0,,1,1,0,20,20,0,0,0
783,0,782,784,783,784,0,0,0,0,0,0,0,0,,1,1,0,20,20,0,0,0
784,0,783,785,784,785,0,0,0,0,0,0,0,0,,1,1,0,20,20,0,0,0
785,0,784,786,785,786,0,0,0,0,0,0,0,0,,1,1,0,20,20,0,0,0
786,0,785,787,786,787,0,0,0,0,0,0,0,0,,1,1,0,20,20,0,0,0
787,0,786,788,787,788,0,0,0,0,0,0,0,0,,1,1,0,20,20,0,0,0
788,0,787,789,788,789,0,0,0,0,0,0,0,0,,1,1,0,20,20,0,0,0
789,0,788,790,789,790,0,0,0,0,0,0,0,0,,1,1,0,20,20,0,0,0
790,0,789,791,790,791,0,0,0,0,0,0,0,0,,1,1,0,20,20,0,0,0
791,0,790,792,791,792,0,0,0,0,0,0,0,0,,1,1,0,20,20,0,0,0
792,0,791,793,792,793,0,0,0,0,0,0,0,0,,1,1,0,20,20,0,0,0
793,0,792,794,793,794,0,0,0,0,0,0,0,0,,1,1,0,20,20,0,0,0
794,0,793,795,794,795,0,0,0,0,0,0,0,0,,1,1,0,20,20,0,0,0
795,0,794,796,795,796,0,0,0,0,0,0,0,0,,1,1,0,20,20,0,0,0
796,0,795,797,796,797,0,0,0,0,0,0,0,0,,1,1,0,20,20,0,0,0
797,0,796,798,797,798,0,0,0,0,0,0,0,0,,1,1,0,20,20,0,0,0
798,0,797,799,798,799,0,0,0,0,0,0,0,0,,1,1,0,20,20,0,0,0
799,0,798,800,799,800,0,0,0,0,0,0,0,0,,1,1,0,20,20,0,0,0
800,0,799,801,800,801,0,0,0,0,0,0,0,0,,1,1,0,20,20,0,0,0
801,0,800,802,801,802,0,0,0,0,0,0,0,0,,1,1,0,20,20,0,0,0
802,0,801,803,802,803,0,0,0,0,0,0,0,0,,1,1,0,20,20,0,0,0
803,0,802,804,803,804,0,0,0,0,0,0,0,0,,1,1,0,20,20,0,0,0
804,0,803,805,804,805,0,0,0,0,0,0,0,0,,1,1,0,20,20,0,0,0
805,0,804,806,805,806,0,0,0,0,0,0,0,0,,1,1,0,20,20,0,0,0
806,0,805,807,806,807,0,0,0,0,0,0,0,0,,1,1,0,20,20,0,0,0
807,0,806,808,807,808,0,0,0,0,0,0,0,0,,1,1,0,20,20,0,0,0
808,0,807,809,808,809,0,0,0,0,0,0,0,0,,1,1,0,20,20,0,0,0
809,0,808,810,809,810,0,0,0,0,0,0,0,0,,1,1,0,20,20,0,0,0
810,0,809,811,810,811,0,0,0,0,0,0,0,0,,1,1,0,20,20,0,0,0
811,0,810,812,811,812,0,0,0,0,0,0,0,0,,1,1,0,20,20,0,0,0
812,0,811,813,812,813,0,0,0,0,0,0,0,0,,1,1,0,20,20,0,0,0
813,0,812,814,813,814,0,0,0,0,0,0,0,0,,1,1,0,20,20,0,0,0
814,0,813,815,814,815,0,0,0,0,0,0,0,0,,1,1,0,20,20,0,0,0
815,0,814,816,815,816,0,0,0,0,0,0,0,0,,1,1,0,20,20,0,0,0
816,0,815,817,816,817,0,0,0,0,0,0,0,0,,1,1,0,20,20,0,0,0
817,0,816,818,817,818,0,0,0,0,0,0,0,0,,1,1,0,20,20,0,0,0
818,0,817,819,818,819,0,0,0,0,0,0,0,0,,1,1,0,20,20,0,0,0
819,0,818,820,819,820,0,0,0,0,0,0,0,0,,1,1,0,20,20,0,0,0
820,0,819,821,820,821,0,0,0,0,0,0,0,0,,1,1,0,20,20,0,0,0
821,0,820,822,821,822,0,0,0,0,0,0,0,0,,1,1,0,20,20,0,0,0
822,0,821,823,822,823,0,0,0,0,0,0,0,0,,1,1,0,20,20,0,0,0
823,0,822,824,823,824,0,0,0,0,0,0,0,0,,1,1,0,20,20,0,0,0
824,0,823,825,824,825,0,0,0,0,0,0,0,0,,1,1,0,20,20,0,0,0
825,0,824,826,825,826,0,0,0,0,0,0,0,0,,1,1,0,20,20,0,0,0
826,0,825,827,826,827,0,0,0,0,0,0,0,0,,1,1,0,20,20,0,0,0
827,0,826,828,827,828,0,0,0,0,0,0,0,0,,1,1,0,20,20,0,0,0
828,0,827,829,828,829,0,0,0,0,0,0,0,0,,1,1,0,20,20,0,0,0
829,0,828,830,829,830,0,0,0,0,0,0,0,0,,1,1,0,20,20,0,0,0
830,0,829,831,830,831,0,0,0,0,0,0,0,0,,1,1,0,20,20,0,0,0
831,0,830,832,831,832,0,0,0,0,0,0,0,0,,1,1,0,20,20,0,0,0
832,0,831,833,832,833,0,0,0,0,0,0,0,0,,1,1,0,20,20,0,0,0
833,0,832,834,833,834,0,0,0,0,0,0,0,0,,1,1,0,20,20,0,0,0
834,0,833,835,834,835,0,0,0,0,0,0,0,0,,1,1,0,20,20,0,0,0
835,0,834,836,835,836,0,0,0,0,0,0,0,0,,1,1,0,20,20,0,0,0
836,0,835,837,836,837,0,0,0,0,0,0,0,0,,1,1,0,20,20,0,0,0
837,0,836,838,837,838,0,0,0,0,0,0,0,0,,1,1,0,20,20,0,0,0
838,0,837,839,838,839,0,0,0,0,0,0,0,0,,1,1,0,20,20,0,0,0
839,0,838,840,839,840,0,0,0,0,0,0,0,0,,1,1,0,20,20,0,0,0
840,0,839,841,840,841,0,0,0,0,0,0,0,0,,1,1,0,20,20,0,0,0
841,0,840,842,841,842,0,0,0,0,0,0,0,0,,1,1,0,20,20,0,0,0
842,0,841,843,842,843,0,0,0,0,0,0,0,0,,1,1,0,20,20,0,0,0
843,0,842,844,843,844,0,0,0,0,0,0,0,0,,1,1,0,20,20,0,0,0
844,0,843,845,844,845,0,0,0,0,0,0,0,0,,1,1,0,20,20,0,0,0
845,0,844,846,845,846,0,0,0,0,0,0,0,0,,1,1,0,20,20,0,0,0
846,0,845,847,846,847,0,0,0,0,0,0,0,0,,1,1,0,20,20,0,0,0
847,0,846,848,847,848,0,0,0,0,0,0,0,0,,1,1,0,20,20,0,0,0
848,0,847,849,848,849,0,0,0,0,0,0,0,0,,1,1,0,20,20,0,0,0
849,0,848,850,849,850,0,0,0,0,0,0,0,0,,1,1,0,20,20,0,0,0
850,0,849,851,850,851,0,0,0,0,0,0,0,0,,1,1,0,20,20,0,0,0
851,0,850,852,851,852,0,0,0,0,0,0,0,0,,1,1,0,20,20,0,0,0
852,0,851,853,852,853,0,0,0,0,0,0,0,0,,1,1,0,20,20,0,0,0
853,0,852,854,853,854,0,0,0,0,0,0,0,0,,1,1,0,20,20,0,0,0
854,0,853,855,854,855,0,0,0,0,0,0,0,0,,1,1,0,20,20,0,0,0
855,0,854,856,855,856,0,0,0,0,0,0,0,0,,1,1,0,20,20,0,0,0
856,0,855,857,856,857,0,0,0,0,0,0,0,0,,1,1,0,20,20,0,0,0
857,0,856,858,857,858,0,0,0,0,0,0,0,0,,1,1,0,20,20,0,0,0
858,0,857,859,858,859,0,0,0,0,0,0,0,0,,1,1,0,20,20,0,0,0
859,0,858,860,859,860,0,0,0,0,0,0,0,0,,1,1,0,20,20,0,0,0
860,0,859,861,860,861,0,0,0,0,0,0,0,0,,1,1,0,20,20,0,0,0
861,0,860,862,861,862,0,0,0,0,0,0,0,0,,1,1,0,20,20,0,0,0
862,0,861,863,862,863,0,0,0,0,0,0,0,0,,1,1,0,20,20,0,0,0
863,0,862,864,863,864,0,0,0,0,0,0,0,0,,1,1,0,20,20,0,0,0
864,0,863,865,864,865,0,0,0,0,0,0,0,0,,1,1,0,20,20,0,0,0
865,0,864,866,865,866,0,0,0,0,0,0,0,0,,1,1,0,20,20,0,0,0
866,0,865,867,866,867,0,0,0,0,0,0,0,0,,1,1,0,20,20,0,0,0
867,0,866,868,867,868,0,0,0,0,0,0,0,0,,1,1,0,20,20,0,0,0
868,0,867,869,868,869,0,0,0,0,0,0,0,0,,1,1,0,20,20,0,0,0
869,0,868,870,869,870,0,0,0,0,0,0,0,0,,1,1,0,20,20,0,0,0
870,0,869,871,870,871,0,0,0,0,0,0,0,0,,1,1,0,20,20,0,0,0
871,0,870,872,871,872,0,0,0,0,0,0,0,0,,1,1,0,20,20,0,0,0
872,0,871,873,872,873,0,0,0,0,0,0,0,0,,1,1,0,20,20,0,0,0
873,0,872,874,873,874,0,0,0,0,0,0,0,0,,1,1,0,20,20,0,0,0
874,0,873,875,874,875,0,0,0,0,0,0,0,0,,1,1,0,20,20,0,0,0
875,0,874,876,875,876,0,0,0,0,0,0,0,0,,1,1,0,20,20,0,0,0
876,0,875,877,876,877,0,0,0,0,0,0,0,0,,1,1,0,20,20,0,0,0
877,0,876,878,877,878,0,0,0,0,0,0,0,0,,1,1,0,20,20,0,0,0
878,0,877,879,878,879,0,0,0,0,0,0,0,0,,1,1,0,20,20,0,0,0
879,0,878,880,879,880,0,0,0,0,0,0,0,0,,1,1,0,20,20,0,0,0
880,0,879,881,880,881,0,0,0,0,0,0,0,0,,1,1,0,20,20,0,0,0
881,0,880,882,881,882,0,0,0,0,0,0,0,0,,1,1,0,20,20,0,0,0
882,0,881,883,882,883,0,0,0,0,0,0,0,0,,1,1,0,20,20,0,0,0
883,0,882,884,883,884,0,0,0,0,0,0,0,0,,1,1,0,20,20,0,0,0
884,0,883,885,884,885,0,0,0,0,0,0,0,0,,1,1,0,20,20,0,0,0
885,0,884,886,885,886,0,0,0,0,0,0,0,0,,1,1,0,20,20,0,0,0
886,0,885,887,886,887,0,0,0,0,0,0,0,0,,1,1,0,20,20,0,0,0
887,0,886,888,887,888,0,0,0,0,0,0,0,0,,1,1,0,20,20,0,0,0
888,0,887,889,888,889,0,0,0,0,0,0,0,0,,1,1,0,20,20,0,0,0
889,0,888,890,889,890,0,0,0,0,0,0,0,0,,1,1,0,20,20,0,0,0
890,0,889,891,890,891,0,0,0,0,0,0,0,0,,1,1,0,20,20,0,0,0
891,0,890,892,891,892,0,0,0,0,0,0,0,0,,1,1,0,20,20,0,0,0
892,0,891,893,892,893,0,0,0,0,0,0,0,0,,1,1,0,20,20,0,0,0
893,0,892,894,893,894,0,0,0,0,0,0,0,0,,1,1,0,20,20,0,0,0
894,0,893,895,894,895,0,0,0,0,0,0,0,0,,1,1,0,20,20,0,0,0
895,0,894,896,895,896,0,0,0,0,0,0,0,0,,1,1,0,20,20,0,0,0
896,0,895,897,896,897,0,0,0,0,0,0,0,0,,1,1,0,20,20,0,0,0
897,0,896,898,897,898,0,0,0,0,0,0,0,0,,1,1,0,20,20,0,0,0
898,0,897,899,898,899,0,0,0,0,0,0,0,0,,1,1,0,20,20,0,0,0
899,0,898,900,899,900,0,0,0,0,0,0,0,0,,1,1,0,20,20,0,0,0
900,0,899,901,900,901,0,0,0,0,0,0,0,0,,1,1,0,20,20,0,0,0
901,0,900,902,901,902,0,0,0,0,0,0,0,0,,1,1,0,20,20,0,0,0
902,0,901,903,902,903,0,0,0,0,0,0,0,0,,1,1,0,20,20,0,0,0
903,0,902,904,903,904,0,0,0,0,0,0,0,0,,1,1,0,20,20,0,0,0
904,0,903,905,904,905,0,0,0,0,0,0,0,0,,1,1,0,20,20,0,0,0
905,0,904,906,905,906,0,0,0,0,0,0,0,0,,1,1,0,20,20,0,0,0
906,0,905,907,906,907,0,0,0,0,0,0,0,0,,1,1,0,20,20,0,0,0
907,0,906,908,907,908,0,0,0,0,0,0,0,0,,1,1,0,20,20,0,0,0
908,0,907,909,908,909,0,0,0,0,0,0,0,0,,1,1,0,20,20,0,0,0
909,0,908,910,909,910,0,0,0,0,0,0,0,0,,1,1,0,20,20,0,0,0
910,0,909,911,910,911,0,0,0,0,0,0,0,0,,1,1,0,20,20,0,0,0
911,0,910,912,911,912,0,0,0,0,0,0,0,0,,1,1,0,20,20,0,0,0
912,0,911,913,912,913,0,0,0,0,0,0,0,0,,1,1,0,20,20,0,0,0
913,0,912,914,913,914,0,0,0,0,0,0,0,0,,1,1,0,20,20,0,0,0
914,0,913,915,914,915,0,0,0,0,0,0,0,0,,1,1,0,20,20,0,0,0
915,0,914,916,915,916,0,0,0,0,0,0,0,0,,1,1,0,20,20,0,0,0
916,0,915,917,916,917,0,0,0,0,0,0,0,0,,1,1,0,20,20,0,0,0
917,0,916,918,917,918,0,0,0,0,0,0,0,0,,1,1,0,20,20,0,0,0
918,0,917,919,918,919,0,0,0,0,0,0,0,0,,1,1,0,20,20,0,0,0
919,0,918,920,919,920,0,0,0,0,0,0,0,0,,1,1,0,20,20,0,0,0
920,0,919,921,920,921,0,0,0,0,0,0,0,0,,1,1,0,20,20,0,0,0
921,0,920,922,921,922,0,0,0,0,0,0,0,0,,1,1,0,20,20,0,0,0
922,0,921,923,922,923,0,0,0,0,0,0,0,0,,1,1,0,20,20,0,0,0
923,0,922,924,923,924,0,0,0,0,0,0,0,0,,1,1,0,20,20,0,0,0
924,0,923,925,924,925,0,0,0,0,0,0,0,0,,1,1,0,20,20,0,0,0
925,0,924,926,925,926,0,0,0,0,0,0,0,0,,1,1,0,20,20,0,0,0
926,0,925,927,926,927,0,0,0,0,0,0,0,0,,1,1,0,20,20,0,0,0
927,0,926,928,927,928,0,0,0,0,0,0,0,0,,1,1,0,20,20,0,0,0
928,0,927,929,928,929,0,0,0,0,0,0,0,0,,1,1,0,20,20,0,0,0
929,0,928,930,929,930,0,0,0,0,0,0,0,0,,1,1,0,20,20,0,0,0
930,0,929,931,930,931,0,0,0,0,0,0,0,0,,1,1,0,20,20,0,0,0
931,0,930,932,931,932,0,0,0,0,0,0,0,0,,1,1,0,20,20,0,0,0
932,0,931,933,932,933,0,0,0,0,0,0,0,0,,1,1,0,20,20,0,0,0
933,0,932,934,933,934,0,0,0,0,0,0,0,0,,1,1,0,20,20,0,0,0
934,0,933,935,934,935,0,0,0,0,0,0,0,0,,1,1,0,20,20,0,0,0
935,0,934,936,935,936,0,0,0,0,0,0,0,0,,1,1,0,20,20,0,0,0
936,0,935,937,936,937,0,0,0,0,0,0,0,0,,1,1,0,20,20,0,0,0
937,0,936,938,937,938,0,0,0,0,0,0,0,0,,1,1,0,20,20,0,0,0
938,0,937,939,938,939,0,0,0,0,0,0,0,0,,1,1,0,20,20,0,0,0
939,0,938,940,939,940,0,0,0,0,0,0,0,0,,1,1,0,20,20,0,0,0
940,0,939,941,940,941,0,0,0,0,0,0,0,0,,1,1,0,20,20,0,0,0
941,0,940,942,941,942,0,0,0,0,0,0,0,0,,1,1,0,20,20,0,0,0
942,0,941,943,942,943,0,0,0,0,0,0,0,0,,1,1,0,20,20,0,0,0
943,0,942,944,943,944,0,0,0,0,0,0,0,0,,1,1,0,20,20,0,0,0
944,0,943,945,944,945,0,0,0,0,0,0,0,0,,1,1,0,20,20,0,0,0
945,0,944,946,945,946,0,0,0,0,0,0,0,0,,1,1,0,20,20,0,0,0
946,0,945,947,946,947,0,0,0,0,0,0,0,0,,1,1,0,20,20,0,0,0
947,0,946,948,947,948,0,0,0,0,0,0,0,0,,1,1,0,20,20,0,0,0
948,0,947,949,948,949,0,0,0,0,0,0,0,0,,1,1,0,20,20,0,0,0
949,0,948,950,949,950,0,0,0,0,0,0,0,0,,1,1,0,20,20,0,0,0
950,0,949,951,950,951,0,0,0,0,0,0,0,0,,1,1,0,20,20,0,0,0
951,0,950,952,951,952,0,0,0,0,0,0,0,0,,1,1,0,20,20,0,0,0
952,0,951,953,952,953,0,0,0,0,0,0,0,0,,1,1,0,20,20,0,0,0
953,0,952,954,953,954,0,0,0,0,0,0,0,0,,1,1,0,20,20,0,0,0
954,0,953,955,954,955,0,0,0,0,0,0,0,0,,1,1,0,20,20,0,0,0
955,0,954,956,955,956,0,0,0,0,0,0,0,0,,1,1,0,20,20,0,0,0
956,0,955,957,956,957,0,0,0,0,0,0,0,0,,1,1,0,20,20,0,0,0
957,0,956,958,957,958,0,0,0,0,0,0,0,0,,1,1,0,20,20,0,0,0
958,0,957,959,958,959,0,0,0,0,0,0,0,0,,1,1,0,20,20,0,0,0
959,0,958,960,959,960,0,0,0,0,0,0,0,0,,1,1,0,20,20,0,0,0
960,0,959,961,960,961,0,0,0,0,0,0,0,0,,1,1,0,20,20,0,0,0
961,0,960,962,961,962,0,0,0,0,0,0,0,0,,1,1,0,20,20,0,0,0
962,0,961,963,962,963,0,0,0,0,0,0,0,0,,1,1,0,20,20,0,0,0
963,0,962,964,963,964,0,0,0,0,0,0,0,0,,1,1,0,20,20,0,0,0
964,0,963,965,964,965,0,0,0,0,0,0,0,0,,1,1,0,20,20,0,0,0
965,0,964,966,965,966,0,0,0,0,0,0,0,0,,1,1,0,20,20,0,0,0
966,0,965,967,966,967,0,0,0,0,0,0,0,0,,1,1,0,20,20,0,0,0
967,0,966,968,967,968,0,0,0,0,0,0,0,0,,1,1,0,20,20,0,0,0
968,0,967,969,968,969,0,0,0,0,0,0,0,0,,1,1,0,20,20,0,0,0
969,0,968,970,969,970,0,0,0,0,0,0,0,0,,1,1,0,20,20,0,0,0
970,0,969,971,970,971,0,0,0,0,0,0,0,0,,1,1,0,20,20,0,0,0
971,0,970,972,971,972,0,0,0,0,0,0,0,0,,1,1,0,20,20,0,0,0
972,0,971,973,972,973,0,0,0,0,0,0,0,0,,1,1,0,20,20,0,0,0
973,0,972,974,973,974,0,0,0,0,0,0,0,0,,1,1,0,20,20,0,0,0
974,0,973,975,974,975,0,0,0,0,0,0,0,0,,1,1,0,20,20,0,0,0
975,0,974,976,975,976,0,0,0,0,0,0,0,0,,1,1,0,20,20,0,0,0
976,0,975,977,976,977,0,0,0,0,0,0,0,0,,1,1,0,20,20,0,0,0
977,0,976,978,977,978,0,0,0,0,0,0,0,0,,1,1,0,20,20,0,0,0
978,0,977,979,978,979,0,0,0,0,0,0,0,0,,1,1,0,20,20,0,0,0
979,0,978,980,979,980,0,0,0,0,0,0,0,0,,1,1,0,20,20,0,0,0
980,0,979,981,980,981,0,0,0,0,0,0,0,0,,1,1,0,20,20,0,0,0
981,0,980,982,981,982,0,0,0,0,0,0,0,0,,1,1,0,20,20,0,0,0
982,0,981,983,982,983,0,0,0,0,0,0,0,0,,1,1,0,20,20,0,0,0
983,0,982,984,983,984,0,0,0,0,0,0,0,0,,1,1,0,20,20,0,0,0
984,0,983,985,984,985,0,0,0,0,0,0,0,0,,1,1,0,20,20,0,0,0
985,0,984,986,985,986,0,0,0,0,0,0,0,0,,1,1,0,20,20,0,0,0
986,0,985,987,986,987,0,0,0,0,0,0,0,0,,1,1,0,20,20,0,0,0
987,0,986,988,987,988,0,0,0,0,0,0,0,0,,1,1,0,20,20,0,0,0
988,0,987,989,988,989,0,0,0,0,0,0,0,0,,1,1,0,20,20,0,0,0
989,0,988,990,989,990,0,0,0,0,0,0,0,0,,1,1,0,20,20,0,0,0
990,0,989,991,990,991,0,0,0,0,0,0,0,0,,1,1,0,20,20,0,0,0
991,0,990,992,991,992,0,0,0,0,0,0,0,0,,1,1,0,20,20,0,0,0
992,0,991,993,992,993,0,0,0,0,0,0,0,0,,1,1,0,20,20,0,0,0
993,0,992,994,993,994,0,0,0,0,0,0,0,0,,1,1,0,20,20,0,0,0
994,0,993,995,994,995,0,0,0,0,0,0,0,0,,1,1,0,20,20,0,0,0
995,0,994,996,995,996,0,0,0,0,0,0,0,0,,1,1,0,20,20,0,0,0
996,0,995,997,996,997,0,0,0,0,0,0,0,0,,1,1,0,20,20,0,0,0
997,0,996,998,997,998,0,0,0,0,0,0,0,0,,1,1,0,20,20,0,0,0
998,0,997,999,998,999,0,0,0,0,0,0,0,0,,1,1,0,20,20,0,0,0
999,0,998,1000,999,1000,0,0,0,0,0,0,0,0,,1,1,0,20,20,0,0,0
1000,0,999,1001,1000,1001,0,0,0,0,0,0,0,0,,1,1,0,20,20,0,0,0
1001,0,1000,1002,1001,1002,0,0,0,0,0,0,0,0,,1,1,0,20,20,0,0,0
1002,0,1001,1003,1002,1003,0,0,0,0,0,0,0,0,,1,1,0,20,20,0,0,0
1003,0,1002,1004,1003,1004,0,0,0,0,0,0,0,0,,1,1,0,20,20,0,0,0
1004,0,1003,1005,1004,1005,0,0,0,0,0,0,0,0,,1,1,0,20,20,0,0,0
1005,0,1004,1006,1005,1006,0,0,0,0,0,0,0,0,,1,1,0,20,20,0,0,0
1006,0,1005,1007,1006,1007,0,0,0,0,0,0,0,0,,1,1,0,20,20,0,0,0
1007,0,1006,1008,1007,1008,0,0,0,0,0,0,0,0,,1,1,0,20,20,0,0,0
1008,0,1007,1009,1008,1009,0,0,0,0,0,0,0,0,,1,1,0,20,20,0,0,0
1009,0,1008,1010,1009,1010,0,0,0,0,0,0,0,0,,1,1,0,20,20,0,0,0
1010,0,1009,1011,1010,1011,0,0,0,0,0,0,0,0,,1,1,0,20,20,0,0,0
1011,0,1010,1012,1011,1012,0,0,0,0,0,0,0,0,,1,1,0,20,20,0,0,0
1012,0,1011,1013,1012,1013,0,0,0,0,0,0,0,0,,1,1,0,20,20,0,0,0
1013,0,1012,1014,1013,1014,0,0,0,0,0,0,0,0,,1,1,0,20,20,0,0,0
1014,0,1013,1015,1014,1015,0,0,0,0,0,0,0,0,,1,1,0,20,20,0,0,0
1015,0,1014,1016,1015,1016,0,0,0,0,0,0,0,0,,1,1,0,20,20,0,0,0
1016,0,1015,1017,1016,1017,0,0,0,0,0,0,0,0,,1,1,0,20,20,0,0,0
1017,0,1016,1018,1017,1018,0,0,0,0,0,0,0,0,,1,1,0,20,20,0,0,0
1018,0,1017,1019,1018,1019,0,0,0,0,0,0,0,0,,1,1,0,20,20,0,0,0
1019,0,1018,1020,1019,1020,0,0,0,0,0,0,0,0,,1,1,0,20,20,0,0,0
1020,0,1019,1021,1020,1021,0,0,0,0,0,0,0,0,,1,1,0,20,20,0,0,0
1021,0,1020,1022,1021,1022,0,0,0,0,0,0,0,0,,1,1,0,20,20,0,0,0
1022,0,1021,1023,1022,1023,0,0,0,0,0,0,0,0,,1,1,0,20,20,0,0,0
1023,0,1022,1024,1023,1024,0,0,0,0,0,0,0,0,,1,1,0,20,20,0,0,0
1024,0,1023,1025,1024,1025,0,0,0,0,0,0,0,0,,1,1,0,20,20,0,0,0
1025,0,1024,1026,1025,1026,0,0,0,0,0,0,0,0,,1,1,0,20,20,0,0,0
1026,0,1025,1027,1026,1027,0,0,0,0,0,0,0,0,,1,1,0,20,20,0,0,0
1027,0,1026,1028,1027,1028,0,0,0,0,0,0,0,0,,1,1,0,20,20,0,0,0
1028,0,1027,1029,1028,1029,0,0,0,0,0,0,0,0,,1,1,0,20,20,0,0,0
1029,0,1028,1030,1029,1030,0,0,0,0,0,0,0,0,,1,1,0,20,20,0,0,0
1030,0,1029,1031,1030,1031,0,0,0,0,0,0,0,0,,1,1,0,20,20,0,0,0
1031,0,1030,1032,1031,1032,0,0,0,0,0,0,0,0,,1,1,0,20,20,0,0,0
1032,0,1031,1033,1032,1033,0,0,0,0,0,0,0,0,,1,1,0,20,20,0,0,0
1033,0,1032,1034,1033,1034,0,0,0,0,0,0,0,0,,1,1,0,20,20,0,0,0
1034,0,1033,1035,1034,1035,0,0,0,0,0,0,0,0,,1,1,0,20,20,0,0,0
1035,0,1034,1036,1035,1036,0,0,0,0,0,0,0,0,,1,1,0,20,20,0,0,0
1036,0,1035,1037,1036,1037,0,0,0,0,0,0,0,0,,1,1,0,20,20,0,0,0
1037,0,1036,1038,1037,1038,0,0,0,0,0,0,0,0,,1,1,0,20,20,0,0,0
1038,0,1037,1039,1038,1039,0,0,0,0,0,0,0,0,,1,1,0,20,20,0,0,0
1039,0,1038,1040,1039,1040,0,0,0,0,0,0,0,0,,1,1,0,20,20,0,0,0
1040,0,1039,1041,1040,1041,0,0,0,0,0,0,0,0,,1,1,0,20,20,0,0,0
1041,0,1040,1042,1041,1042,0,0,0,0,0,0,0,0,,1,1,0,20,20,0,0,0
1042,0,1041,1043,1042,1043,0,0,0,0,0,0,0,0,,1,1,0,20,20,0,0,0
1043,0,1042,1044,1043,1044,0,0,0,0,0,0,0,0,,1,1,0,20,20,0,0,0
1044,0,1043,1045,1044,1045,0,0,0,0,0,0,0,0,,1,1,0,20,20,0,0,0
1045,0,1044,1046,1045,1046,0,0,0,0,0,0,0,0,,1,1,0,20,20,0,0,0
1046,0,1045,1047,1046,1047,0,0,0,0,0,0,0,0,,1,1,0,20,20,0,0,0
1047,0,1046,1048,1047,1048,0,0,0,0,0,0,0,0,,1,1,0,20,20,0,0,0
1048,0,1047,1049,1048,1049,0,0,0,0,0,0,0,0,,1,1,0,20,20,0,0,0
1049,0,1048,1050,1049,1050,0,0,0,0,0,0,0,0,,1,1,0,20,20,0,0,0
