PID,B,L,H,Bx,Ly,ReF,MCODE1,MCODE2,MCODE
1,,,9.1499,-13.1568,60.3779,1,,,
2,,,9.2946,-13.3367,61.384,1,,,
3,,,9.4737,-13.6129,62.5628,1,,,
4,,,9.6604,-13.979,63.7694,1,,,
5,,,9.8139,-14.373,64.82,1,,,
6,,,9.9887,-14.8585,65.9376,1,,,
7,,,10.1543,-15.4659,67.0717,1,,,
8,,,10.2663,-15.9894,67.9371,1,,,
9,,,10.4183,-16.7131,69.0266,1,,,
10,,,10.5444,-17.3284,69.8546,1,,,
11,,,10.642,-18.0369,70.6428,1,,,
12,,,10.7415,-18.848,71.448,1,,,
13,,,10.8355,-19.6826,72.2046,1,,,
14,,,10.9192,-20.5661,72.9785,1,,,
15,,,11.0135,-21.5315,73.6907,1,,,
16,,,11.0816,-22.5539,74.394,1,,,
17,,,11.1477,-23.654,75.0508,1,,,
18,,,11.2128,-24.8028,75.6486,1,,,
19,,,11.2689,-26.0042,76.2258,1,,,
20,,,11.2953,-27.276,76.7453,1,,,
21,,,11.3183,-28.5952,77.2218,1,,,
22,,,11.3582,-29.9945,77.6336,1,,,
23,,,11.3644,-31.4183,78.0009,1,,,
24,,,11.3513,-32.398,78.2321,1,,,
25,,,11.3737,-33.4032,78.4507,1,,,
26,,,11.4017,-34.4253,78.6526,1,,,
27,,,11.433,-35.4582,78.8207,1,,,
28,,,11.4557,-36.4865,78.9863,1,,,
29,,,11.4033,-37.5645,79.1238,1,,,
30,,,11.3993,-38.6564,79.2429,1,,,
31,,,11.4127,-39.7224,79.4258,1,,,
32,,,11.401,-40.7922,79.5428,1,,,
33,,,11.3448,-41.9166,79.6112,1,,,
34,,,11.347,-43.016,79.7076,1,,,
35,,,11.3542,-44.1001,79.8274,1,,,
36,,,11.3296,-45.2082,79.9115,1,,,
37,,,11.3029,-46.3351,79.9883,1,,,
38,,,11.293,-47.4859,80.088,1,,,
39,,,11.2876,-48.651,80.1521,1,,,
40,,,11.2611,-49.8427,80.2314,1,,,
41,,,11.2272,-51.0602,80.283,1,,,
42,,,11.2095,-52.2506,80.3495,1,,,
43,,,11.1987,-53.4644,80.4008,1,,,
44,,,11.1815,-54.7376,80.4428,1,,,
45,,,11.1791,-56.0069,80.5148,1,,,
46,,,11.1501,-57.2517,80.5823,1,,,
47,,,11.1247,-58.5039,80.6552,1,,,
48,,,11.0968,-59.7876,80.7225,1,,,
49,,,11.0949,-61.0851,80.7757,1,,,
50,,,11.0824,-62.3572,80.8535,1,,,
51,,,11.069,-63.6191,80.9121,1,,,
52,,,11.0518,-64.8921,80.9515,1,,,
53,,,11.0407,-66.1589,81.0233,1,,,
54,,,11.0457,-67.4407,81.0727,1,,,
55,,,11.0245,-68.7279,81.1224,1,,,
56,,,10.9898,-69.9591,81.1557,1,,,
57,,,10.9926,-71.182,81.2015,1,,,
58,,,11.003,-72.4563,81.2502,1,,,
59,,,10.9631,-73.7263,81.2779,1,,,
60,,,10.9676,-74.9958,81.3248,1,,,
61,,,10.9488,-76.2375,81.3612,1,,,
62,,,10.9276,-77.4871,81.4095,1,,,
63,,,10.9118,-78.7548,81.4687,1,,,
64,,,10.9136,-80.0089,81.5312,1,,,
65,,,10.91,-81.2567,81.5728,1,,,
66,,,10.9077,-82.5302,81.6173,1,,,
67,,,10.898,-83.8234,81.6772,1,,,
68,,,10.9077,-85.1302,81.7147,1,,,
69,,,10.9087,-86.4506,81.7541,1,,,
70,,,10.8753,-87.7529,81.8036,1,,,
71,,,10.8577,-89.0793,81.8366,1,,,
72,,,10.8835,-90.4115,81.8708,1,,,
73,,,10.8732,-91.738,81.9099,1,,,
74,,,10.8689,-93.0835,81.9532,1,,,
75,,,10.8674,-94.459,81.9883,1,,,
76,,,10.8437,-95.8321,82.0207,1,,,
77,,,10.8597,-97.1871,82.0468,1,,,
78,,,10.8598,-98.576,82.0836,1,,,
79,,,10.8389,-99.964,82.1194,1,,,
80,,,10.842,-101.3377,82.1584,1,,,
81,,,10.8408,-102.7357,82.1878,1,,,
82,,,10.8517,-104.1331,82.218,1,,,
83,,,10.84,-105.5258,82.2429,1,,,
84,,,10.8416,-106.9316,82.2667,1,,,
85,,,10.834,-108.342,82.3102,1,,,
86,,,10.8248,-109.7633,82.3396,1,,,
87,,,10.833,-111.1867,82.3651,1,,,
88,,,10.8221,-112.6279,82.4044,1,,,
89,,,10.8103,-114.0914,82.4317,1,,,
90,,,10.8303,-115.5037,82.4586,1,,,
91,,,10.8394,-116.8776,82.4789,1,,,
92,,,10.8223,-118.2526,82.5041,1,,,
93,,,10.8234,-119.6503,82.5288,1,,,
94,,,10.8312,-121.0397,82.5585,1,,,
95,,,10.8208,-122.4385,82.5864,1,,,
96,,,10.8329,-123.8484,82.6137,1,,,
97,,,10.8369,-125.2173,82.6372,1,,,
98,,,10.8332,-126.6112,82.6611,1,,,
99,,,10.8362,-128.0351,82.6808,1,,,
100,,,10.8286,-129.4362,82.7004,1,,,
101,,,10.8354,-130.867,82.7168,1,,,
102,,,10.8416,-132.3189,82.7483,1,,,
103,,,10.8347,-133.745,82.7707,1,,,
104,,,10.8261,-135.1546,82.787,1,,,
105,,,10.8342,-136.5627,82.8207,1,,,
106,,,10.8461,-137.9716,82.8557,1,,,
107,,,10.8373,-139.3799,82.8854,1,,,
108,,,10.8465,-140.7742,82.9111,1,,,
109,,,10.848,-142.1485,82.9498,1,,,
110,,,10.8706,-143.5247,82.9871,1,,,
111,,,10.8814,-144.9248,83.0252,1,,,
112,,,10.8883,-146.3345,83.0562,1,,,
113,,,10.9164,-147.7173,83.0987,1,,,
114,,,10.8943,-149.0809,83.1473,1,,,
115,,,10.9236,-150.496,83.1936,1,,,
116,,,10.9228,-151.9396,83.2181,1,,,
117,,,10.9298,-153.3509,83.2574,1,,,
118,,,10.936,-154.7521,83.2946,1,,,
119,,,10.9538,-156.1608,83.3237,1,,,
120,,,10.9621,-157.583,83.3405,1,,,
121,,,10.9785,-158.9932,83.3744,1,,,
122,,,11.0039,-160.4193,83.3985,1,,,
123,,,11.0062,-161.8641,83.427,1,,,
124,,,10.9997,-163.3024,83.4579,1,,,
125,,,11.0454,-164.7488,83.4848,1,,,
126,,,11.0504,-166.1828,83.5027,1,,,
127,,,11.0522,-167.6232,83.5368,1,,,
128,,,11.0448,-169.0785,83.568,1,,,
129,,,11.0541,-170.5484,83.5745,1,,,
130,,,11.0888,-172.0131,83.5972,1,,,
131,,,11.0846,-173.4837,83.6341,1,,,
132,,,11.0893,-174.9442,83.6657,1,,,
133,,,11.1161,-176.4122,83.6915,1,,,
134,,,11.1229,-177.8969,83.7217,1,,,
135,,,11.1252,-179.3364,83.7594,1,,,
136,,,11.1288,-180.7818,83.7852,1,,,
137,,,11.15,-182.2639,83.8005,1,,,
138,,,11.1624,-183.7433,83.8213,1,,,
139,,,11.1618,-185.1819,83.8379,1,,,
140,,,11.1774,-186.6563,83.858,1,,,
141,,,11.1973,-188.1445,83.8698,1,,,
142,,,11.2102,-189.6302,83.8841,1,,,
143,,,11.226,-191.094,83.9007,1,,,
144,,,11.221,-192.5906,83.9059,1,,,
145,,,11.2494,-194.0777,83.9224,1,,,
146,,,11.2921,-195.5304,83.9236,1,,,
147,,,11.2727,-196.9843,83.9509,1,,,
148,,,11.2638,-198.4576,83.9548,1,,,
149,,,11.3211,-199.8963,83.9643,1,,,
150,,,11.294,-201.3627,83.9592,1,,,
151,,,11.347,-202.8153,83.9561,1,,,
152,,,11.3433,-204.2171,83.9583,1,,,
153,,,11.3746,-205.6116,83.9393,1,,,
154,,,11.3578,-207.0336,83.924,1,,,
155,,,11.3904,-208.4334,83.9149,1,,,
156,,,11.3703,-209.8137,83.8972,1,,,
157,,,11.3911,-211.1706,83.8564,1,,,
158,,,11.4236,-212.5228,83.8289,1,,,
159,,,11.4293,-213.876,83.7787,1,,,
160,,,11.4442,-215.2304,83.7419,1,,,
161,,,11.4416,-216.5823,83.7049,1,,,
162,,,11.4311,-217.9157,83.6549,1,,,
163,,,11.4577,-219.2149,83.6075,1,,,
164,,,11.4686,-220.4702,83.5569,1,,,
165,,,11.4645,-221.7521,83.486,1,,,
166,,,11.4666,-223.0261,83.4146,1,,,
167,,,11.4659,-224.2839,83.3416,1,,,
168,,,11.4563,-225.5365,83.2527,1,,,
169,,,11.4676,-226.7949,83.1429,1,,,
170,,,11.4798,-228.0421,83.0378,1,,,
171,,,11.4825,-229.2965,82.9345,1,,,
172,,,11.4984,-230.5338,82.8277,1,,,
173,,,11.4838,-231.767,82.7124,1,,,
174,,,11.4848,-232.9949,82.6215,1,,,
175,,,11.4847,-234.2059,82.535,1,,,
176,,,11.4756,-235.4049,82.4483,1,,,
177,,,11.486,-236.5915,82.4043,1,,,
178,,,11.4764,-237.7601,82.3598,1,,,
179,,,11.4602,-238.8991,82.3592,1,,,
180,,,11.4608,-240.002,82.3899,1,,,
181,,,11.4705,-241.0872,82.434,1,,,
182,,,11.4879,-242.1201,82.4759,1,,,
183,,,11.4872,-243.6119,82.5991,1,,,
184,,,11.4925,-245.0952,82.8079,1,,,
185,,,11.5032,-246.5551,83.0826,1,,,
186,,,11.5204,-247.5358,83.3252,1,,,
187,,,11.5518,-248.9274,83.7738,1,,,
188,,,11.5926,-250.275,84.2741,1,,,
189,,,11.6562,-251.559,84.897,1,,,
190,,,11.7134,-252.7103,85.6076,1,,,
191,,,11.7679,-253.7655,86.3909,1,,,
192,,,11.8359,-254.7508,87.2644,1,,,
193,,,11.9232,-255.653,88.2892,1,,,
194,,,12.0193,-256.4752,89.4557,1,,,
195,,,12.1333,-257.1487,90.6111,1,,,
196,,,12.2208,-257.5623,91.7306,1,,,
197,,,12.289,-257.848,92.9397,1,,,
198,,,12.3946,-258.0063,94.1628,1,,,
199,,,12.4846,-257.995,95.3901,1,,,
200,,,12.5906,-257.8488,96.667,1,,,
201,,,12.6836,-257.5034,97.9362,1,,,
202,,,12.7968,-256.9886,99.1873,1,,,
203,,,12.9106,-256.3563,100.4063,1,,,
204,,,13.0041,-255.5563,101.4979,1,,,
205,,,13.0972,-254.6109,102.4984,1,,,
206,,,13.1945,-253.5776,103.3597,1,,,
207,,,13.2808,-252.4933,104.0903,1,,,
208,,,13.3322,-251.2712,104.6476,1,,,
209,,,13.4242,-250.0736,105.0916,1,,,
210,,,13.4808,-248.7973,105.4178,1,,,
211,,,13.5286,-247.4189,105.575,1,,,
212,,,13.5681,-246.0477,105.6269,1,,,
213,,,13.6128,-244.6151,105.5515,1,,,
214,,,13.5853,-243.1352,105.3284,1,,,
215,,,13.5711,-242.1031,105.1095,1,,,
216,,,13.564,-241.0664,104.8754,1,,,
217,,,13.5524,-240.0688,104.5903,1,,,
218,,,13.5682,-239.0677,104.2829,1,,,
219,,,13.552,-238.024,103.9532,1,,,
220,,,13.5483,-236.9715,103.6158,1,,,
221,,,13.5318,-235.9133,103.2824,1,,,
222,,,13.4876,-234.8465,102.9445,1,,,
223,,,13.4857,-233.7422,102.5984,1,,,
224,,,13.4783,-232.6439,102.2735,1,,,
225,,,13.4605,-231.5234,101.9563,1,,,
226,,,13.4704,-230.3765,101.6412,1,,,
227,,,13.4539,-229.2117,101.342,1,,,
228,,,13.45,-228.0283,101.0593,1,,,
229,,,13.4539,-226.8289,100.7852,1,,,
230,,,13.4467,-225.6278,100.5321,1,,,
231,,,13.4214,-224.4157,100.2929,1,,,
232,,,13.4364,-223.1821,100.0522,1,,,
233,,,13.4261,-221.9328,99.8173,1,,,
234,,,13.4071,-220.6931,99.5996,1,,,
235,,,13.4167,-219.4341,99.3997,1,,,
236,,,13.42,-218.159,99.2009,1,,,
237,,,13.4054,-216.9155,99.0172,1,,,
238,,,13.4141,-215.6529,98.8518,1,,,
239,,,13.4047,-214.3871,98.7026,1,,,
240,,,13.4106,-213.1226,98.5695,1,,,
241,,,13.4353,-211.8658,98.4311,1,,,
242,,,13.4701,-210.5961,98.3303,1,,,
243,,,13.4717,-209.3281,98.2562,1,,,
244,,,13.4646,-208.0487,98.1756,1,,,
245,,,13.4686,-206.7623,98.1088,1,,,
246,,,13.5649,-205.4704,98.0572,1,,,
247,,,13.4899,-204.1763,98.0093,1,,,
248,,,13.519,-202.8795,97.9718,1,,,
249,,,13.5715,-201.5868,97.9363,1,,,
250,,,13.5862,-200.2768,97.9017,1,,,
251,,,13.5804,-198.9505,97.8738,1,,,
252,,,13.6221,-197.6443,97.8546,1,,,
253,,,13.6557,-196.3402,97.8369,1,,,
254,,,13.6858,-195.0252,97.8097,1,,,
255,,,13.7205,-193.7243,97.7898,1,,,
256,,,13.7423,-192.4223,97.7583,1,,,
257,,,13.7613,-191.1281,97.7227,1,,,
258,,,13.7755,-189.8719,97.6922,1,,,
259,,,13.8111,-188.5824,97.6568,1,,,
260,,,13.825,-187.2703,97.6276,1,,,
261,,,13.8162,-185.9662,97.5778,1,,,
262,,,13.8214,-184.6216,97.5254,1,,,
263,,,13.8014,-183.2402,97.4661,1,,,
264,,,13.8082,-181.8713,97.405,1,,,
265,,,13.7951,-180.5134,97.345,1,,,
266,,,13.8043,-179.1394,97.2728,1,,,
267,,,13.7981,-177.7457,97.1912,1,,,
268,,,13.796,-176.3384,97.1159,1,,,
269,,,13.8054,-174.9275,97.0368,1,,,
270,,,13.7998,-173.506,96.9542,1,,,
271,,,13.7998,-172.0706,96.8745,1,,,
272,,,13.8085,-170.6212,96.7914,1,,,
273,,,13.7991,-169.1658,96.7226,1,,,
274,,,13.8076,-167.716,96.6523,1,,,
275,,,13.7948,-166.2803,96.5865,1,,,
276,,,13.7793,-164.845,96.5261,1,,,
277,,,13.7946,-163.3744,96.4596,1,,,
278,,,13.7725,-161.8842,96.4039,1,,,
279,,,13.7563,-160.401,96.341,1,,,
280,,,13.7573,-158.9315,96.2986,1,,,
281,,,13.7386,-157.4346,96.2396,1,,,
282,,,13.7447,-155.937,96.1753,1,,,
283,,,13.7307,-154.4506,96.1288,1,,,
284,,,13.7166,-152.9737,96.0836,1,,,
285,,,13.7183,-151.4887,96.024,1,,,
286,,,13.7017,-149.9937,95.9786,1,,,
287,,,13.6814,-148.5116,95.9248,1,,,
288,,,13.6868,-147.0457,95.8776,1,,,
289,,,13.6788,-145.5737,95.8358,1,,,
290,,,13.663,-144.0858,95.7964,1,,,
291,,,13.6512,-142.5951,95.7686,1,,,
292,,,13.6652,-141.1037,95.7333,1,,,
293,,,13.6533,-139.6193,95.7064,1,,,
294,,,13.6427,-138.1308,95.6903,1,,,
295,,,13.6525,-136.655,95.6668,1,,,
296,,,13.6481,-135.1765,95.633,1,,,
297,,,13.6442,-133.6973,95.6044,1,,,
298,,,13.6384,-132.2064,95.5685,1,,,
299,,,13.6467,-130.7312,95.5448,1,,,
300,,,13.632,-129.2373,95.5206,1,,,
301,,,13.631,-127.7579,95.4969,1,,,
302,,,13.6447,-126.2741,95.4568,1,,,
303,,,13.6365,-124.8018,95.4299,1,,,
304,,,13.6387,-123.3479,95.3944,1,,,
305,,,13.6368,-121.8804,95.3607,1,,,
306,,,13.6346,-120.4247,95.3244,1,,,
307,,,13.6315,-118.9884,95.2963,1,,,
308,,,13.6379,-117.5644,95.2644,1,,,
309,,,13.6467,-116.1227,95.2316,1,,,
310,,,13.6278,-114.7074,95.2073,1,,,
311,,,13.6379,-113.284,95.1643,1,,,
312,,,13.6302,-111.8801,95.125,1,,,
313,,,13.6371,-110.4848,95.0825,1,,,
314,,,13.6351,-109.0545,95.0425,1,,,
315,,,13.6517,-107.7662,95.0307,1,,,
316,,,13.6323,-106.3608,94.9953,1,,,
317,,,13.6284,-104.9914,94.9558,1,,,
318,,,13.6188,-103.6446,94.9074,1,,,
319,,,13.6161,-102.2883,94.8926,1,,,
320,,,13.6306,-100.9508,94.8599,1,,,
321,,,13.6396,-99.6223,94.8094,1,,,
322,,,13.6325,-98.3126,94.7791,1,,,
323,,,13.6643,-97.0034,94.733,1,,,
324,,,13.6658,-95.6853,94.6843,1,,,
325,,,13.6648,-94.3741,94.6627,1,,,
326,,,13.6715,-93.088,94.632,1,,,
327,,,13.6872,-91.7964,94.5904,1,,,
328,,,13.712,-90.3771,94.5688,1,,,
329,,,13.7114,-89.2502,94.5395,1,,,
330,,,13.7196,-87.8785,94.5038,1,,,
331,,,13.7107,-86.5355,94.4741,1,,,
332,,,13.7012,-85.3754,94.4146,1,,,
333,,,13.7194,-84.1161,94.3791,1,,,
334,,,13.7315,-82.8932,94.3372,1,,,
335,,,13.7356,-81.6659,94.2965,1,,,
336,,,13.7365,-80.4528,94.2714,1,,,
337,,,13.7304,-79.2493,94.2297,1,,,
338,,,13.757,-78.0423,94.1845,1,,,
339,,,13.7926,-76.8423,94.1463,1,,,
340,,,13.7927,-75.6541,94.1103,1,,,
341,,,13.7761,-74.4709,94.0912,1,,,
342,,,13.7994,-73.2605,94.0573,1,,,
343,,,13.8092,-72.071,94.0161,1,,,
344,,,13.8113,-70.8997,93.9913,1,,,
345,,,13.7932,-69.7291,93.9515,1,,,
346,,,13.7999,-68.5483,93.9282,1,,,
347,,,13.7885,-67.3785,93.8965,1,,,
348,,,13.7845,-66.2141,93.8793,1,,,
349,,,13.782,-65.0606,93.841,1,,,
350,,,13.7901,-63.884,93.7962,1,,,
351,,,13.8001,-62.7163,93.7717,1,,,
352,,,13.7863,-61.5512,93.7511,1,,,
353,,,13.7675,-60.3991,93.7196,1,,,
354,,,13.7554,-59.2697,93.6983,1,,,
355,,,13.7664,-58.1534,93.6697,1,,,
356,,,13.764,-57.0582,93.6312,1,,,
357,,,13.7537,-56.0095,93.6007,1,,,
358,,,13.7295,-54.9877,93.5797,1,,,
359,,,13.7144,-53.5015,93.5353,1,,,
360,,,13.7155,-52.4878,93.5228,1,,,
361,,,13.7027,-51.4852,93.5025,1,,,
362,,,13.694,-50.0312,93.4591,1,,,
363,,,13.6739,-48.6346,93.4206,1,,,
364,,,13.6627,-47.33,93.3927,1,,,
365,,,13.6371,-46.1359,93.3702,1,,,
366,,,13.6313,-45.0744,93.3401,1,,,
367,,,13.6003,-43.8496,93.3221,1,,,
368,,,13.595,-42.8119,93.3045,1,,,
369,,,13.5969,-41.7216,93.295,1,,,
370,,,13.5827,-40.6944,93.2766,1,,,
371,,,13.5726,-39.5778,93.2506,1,,,
372,,,13.5531,-38.5336,93.2443,1,,,
373,,,13.5393,-37.4724,93.2261,1,,,
374,,,13.5487,-36.276,93.1824,1,,,
375,,,13.5135,-34.9867,93.1108,1,,,
376,,,13.5289,-33.9793,93.0127,1,,,
377,,,13.505,-32.9341,92.8709,1,,,
378,,,13.4954,-31.8767,92.695,1,,,
379,,,13.4831,-30.7711,92.4517,1,,,
380,,,13.4544,-29.646,92.1551,1,,,
381,,,13.4311,-28.5374,91.7942,1,,,
382,,,13.3898,-27.391,91.3474,1,,,
383,,,13.3384,-26.2885,90.8351,1,,,
384,,,13.2879,-25.1859,90.2521,1,,,
385,,,13.2294,-24.0789,89.5472,1,,,
386,,,13.1088,-22.9287,88.7369,1,,,
387,,,13.0457,-21.8735,87.9034,1,,,
388,,,12.9464,-20.8649,87.0045,1,,,
389,,,12.8623,-19.8942,86.0872,1,,,
390,,,12.7195,-19.0127,85.1098,1,,,
391,,,12.5997,-18.1704,84.1043,1,,,
392,,,12.4757,-17.3544,83.0589,1,,,
393,,,12.33,-16.5922,81.9725,1,,,
394,,,12.1878,-15.8536,80.8727,1,,,
395,,,12.033,-15.1644,79.7198,1,,,
396,,,11.8718,-14.5391,78.5513,1,,,
397,,,11.7057,-13.9331,77.3585,1,,,
398,,,11.5489,-13.3565,76.1485,1,,,
399,,,11.3664,-12.8442,74.9156,1,,,
400,,,11.2042,-12.3961,73.6774,1,,,
401,,,11.0458,-11.9707,72.4366,1,,,
402,,,10.8464,-11.5997,71.1649,1,,,
403,,,10.6506,-11.2686,69.9015,1,,,
404,,,10.4657,-10.9442,68.6107,1,,,
405,,,10.2635,-10.5875,67.3558,1,,,
406,,,10.0883,-10.2882,66.1204,1,,,
407,,,9.912,-9.9612,64.912,1,,,
408,,,9.7214,-9.6172,63.7101,1,,,
409,,,9.5139,-9.3106,62.492,1,,,
410,,,9.338,-8.9798,61.255,1,,,
411,,,9.143,-8.6357,60.0374,1,,,
412,,,8.9708,-8.3288,58.7966,1,,,
413,,,8.8174,-7.9802,57.5435,1,,,
414,,,8.6173,-7.6647,56.3504,1,,,
415,,,8.4644,-7.3592,55.1783,1,,,
416,,,8.3191,-7.0389,54.0557,1,,,
417,,,8.1419,-6.768,52.9983,1,,,
418,,,8.0194,-6.4969,51.9837,1,,,
419,,,7.788,-6.1849,50.7169,1,,,
420,,,7.6496,-5.8884,49.5735,1,,,
421,,,7.4624,-5.6173,48.4993,1,,,
422,,,7.314,-5.3949,47.5039,1,,,
423,,,7.1324,-5.1264,46.3217,1,,,
424,,,6.9821,-4.9213,45.3181,1,,,
425,,,6.7831,-4.741,44.1512,1,,,
426,,,6.6111,-4.59,42.9824,1,,,
427,,,6.4212,-4.5098,41.776,1,,,
428,,,6.2404,-4.5439,40.5708,1,,,
429,,,6.0751,-4.6903,39.3734,1,,,
430,,,5.8884,-5.0149,38.2437,1,,,
431,,,5.74,-5.4783,37.2525,1,,,
432,,,5.5933,-6.1202,36.3414,1,,,
433,,,5.4713,-6.8447,35.6416,1,,,
434,,,5.5896,-6.0742,36.3418,1,,,
435,,,5.6933,-5.3307,37.0902,1,,,
436,,,5.8224,-4.5471,37.8217,1,,,
437,,,5.9262,-3.7625,38.4896,1,,,
438,,,6.0017,-2.9082,39.0862,1,,,
439,,,5.9377,-3.8538,38.6087,1,,,
440,,,5.8952,-4.8428,38.316,1,,,
441,,,5.8727,-5.8962,38.2211,1,,,
442,,,5.8622,-6.9837,38.2881,1,,,
443,,,5.8734,-8.0621,38.5578,1,,,
444,,,5.9046,-9.0368,38.9786,1,,,
445,,,5.9711,-9.8836,39.5503,1,,,
446,,,6.066,-10.6892,40.2984,1,,,
447,,,6.1844,-11.3572,41.2453,1,,,
448,,,6.298,-11.8504,42.1217,1,,,
449,,,6.4556,-12.2941,43.1731,1,,,
450,,,6.6139,-12.6146,44.1287,1,,,
451,,,6.7746,-12.9128,45.1578,1,,,
452,,,6.9311,-13.1143,46.2609,1,,,
453,,,7.1316,-13.2906,47.3629,1,,,
454,,,7.2928,-13.3786,48.4598,1,,,
455,,,7.4681,-13.3483,49.4767,1,,,
456,,,7.6698,-13.2307,50.695,1,,,
457,,,7.854,-12.9831,51.8107,1,,,
458,,,8.019,-12.7176,52.889,1,,,
459,,,8.1818,-12.4788,53.9642,1,,,
460,,,8.3622,-12.2725,55.0626,1,,,
461,,,8.5518,-12.1431,56.2813,1,,,
462,,,8.733,-12.1319,57.5146,1,,,
463,,,8.9239,-12.225,58.7176,1,,,
464,,,9.0838,-12.3789,59.7656,1,,,
465,,,9.2411,-12.606,60.8959,1,,,
466,,,9.3973,-12.86,61.9462,1,,,
467,,,9.5485,-13.1285,62.9688,1,,,
468,,,9.7056,-13.4127,63.9751,1,,,
469,,,9.8884,-13.7834,65.1634,1,,,
470,,,10.042,-14.1045,66.1725,1,,,
471,,,10.2023,-14.45,67.2317,1,,,
472,,,10.365,-14.8213,68.3466,1,,,
473,,,10.5428,-15.2229,69.5495,1,,,
474,,,10.7432,-15.6624,70.802,1,,,
475,,,10.9308,-16.1168,72.1105,1,,,
476,,,11.1014,-16.605,73.4926,1,,,
477,,,11.2586,-16.9501,74.437,1,,,
478,,,11.3933,-17.2968,75.4009,1,,,
479,,,11.5211,-17.6383,76.3829,1,,,
480,,,11.6594,-18.0003,77.3651,1,,,
481,,,11.8235,-18.3697,78.3665,1,,,
482,,,11.994,-18.742,79.3682,1,,,
483,,,12.1238,-19.111,80.3903,1,,,
484,,,12.2663,-19.486,81.3936,1,,,
485,,,12.4087,-19.8557,82.4224,1,,,
486,,,12.5348,-20.2189,83.469,1,,,
487,,,12.676,-20.595,84.5166,1,,,
488,,,12.8078,-20.974,85.5407,1,,,
489,,,12.948,-21.3318,86.5673,1,,,
490,,,13.0597,-21.6856,87.6095,1,,,
491,,,13.2012,-22.0304,88.6371,1,,,
492,,,13.3359,-22.371,89.682,1,,,
493,,,13.4484,-22.6856,90.7171,1,,,
494,,,13.6022,-23.0059,91.7504,1,,,
495,,,13.7349,-23.3076,92.8037,1,,,
496,,,13.8589,-23.5894,93.8977,1,,,
497,,,14.0048,-23.8617,95.0263,1,,,
498,,,14.139,-24.1277,96.1421,1,,,
499,,,14.2457,-24.3907,97.2756,1,,,
500,,,14.3861,-24.6307,98.4105,1,,,
501,,,14.5073,-24.847,99.5618,1,,,
502,,,14.6366,-25.0729,100.7339,1,,,
503,,,14.7609,-25.2834,101.9357,1,,,
504,,,14.8875,-25.4656,103.153,1,,,
505,,,14.9946,-25.6337,104.3771,1,,,
506,,,15.1268,-25.7909,105.6062,1,,,
507,,,15.2157,-25.9289,106.8638,1,,,
508,,,15.3678,-26.0489,108.1507,1,,,
509,,,15.4376,-26.1558,109.4615,1,,,
510,,,15.5471,-26.2501,110.7637,1,,,
511,,,15.6549,-26.3317,112.0732,1,,,
512,,,15.7593,-26.41,113.4066,1,,,
513,,,15.8682,-26.4712,114.7636,1,,,
514,,,15.9718,-26.5151,116.1093,1,,,
515,,,16.09,-26.5593,117.4601,1,,,
516,,,16.2065,-26.5827,118.8319,1,,,
517,,,16.3075,-26.6072,120.199,1,,,
518,,,16.4197,-26.6321,121.5727,1,,,
519,,,16.5259,-26.6337,122.9648,1,,,
520,,,16.6285,-26.6173,124.3936,1,,,
521,,,16.7308,-26.6105,125.805,1,,,
522,,,16.8506,-26.5731,127.2514,1,,,
523,,,16.9538,-26.5111,128.7105,1,,,
524,,,17.0568,-26.4421,130.177,1,,,
525,,,17.1632,-26.3558,131.6505,1,,,
526,,,17.2831,-26.2447,133.1114,1,,,
527,,,17.3613,-26.1154,134.5225,1,,,
528,,,17.4652,-25.953,135.9081,1,,,
529,,,17.59,-25.7778,137.2375,1,,,
530,,,17.6544,-25.5819,138.5709,1,,,
531,,,17.736,-25.3726,139.8435,1,,,
532,,,17.8044,-25.1772,141.0781,1,,,
533,,,17.885,-24.9942,142.3138,1,,,
534,,,17.9639,-24.7995,143.5345,1,,,
535,,,18.0215,-24.5951,144.7787,1,,,
536,,,18.086,-24.4183,146.0362,1,,,
537,,,18.1477,-24.2266,147.3321,1,,,
538,,,18.2032,-24.0514,148.6398,1,,,
539,,,18.2666,-23.8964,149.9228,1,,,
540,,,18.306,-23.7674,151.1855,1,,,
541,,,18.3413,-23.6659,152.4129,1,,,
542,,,18.3924,-23.5697,153.5903,1,,,
543,,,18.4212,-23.4826,154.7477,1,,,
544,,,18.4598,-23.4188,155.9181,1,,,
545,,,18.5168,-23.3554,157.0801,1,,,
546,,,18.542,-23.2989,158.2132,1,,,
547,,,18.5815,-23.2472,159.3189,1,,,
548,,,18.616,-23.1958,160.3833,1,,,
549,,,18.6443,-23.1567,161.4554,1,,,
550,,,18.6796,-23.1234,162.5352,1,,,
551,,,18.6977,-23.0931,163.5851,1,,,
552,,,18.7398,-23.0742,164.6085,1,,,
553,,,18.7701,-23.0583,165.6158,1,,,
554,,,18.8209,-23.038,167.0615,1,,,
555,,,18.8581,-23.0306,168.4386,1,,,
556,,,18.8886,-23.0228,169.7554,1,,,
557,,,18.9165,-23.0242,170.97,1,,,
558,,,18.9497,-23.0353,172.128,1,,,
559,,,18.9686,-23.0399,173.19,1,,,
560,,,19.0046,-23.0602,174.454,1,,,
561,,,19.0273,-23.1073,175.5525,1,,,
562,,,19.0641,-23.1767,176.7324,1,,,
563,,,19.0891,-23.2555,177.8786,1,,,
564,,,19.1008,-23.3179,178.9959,1,,,
565,,,19.1132,-23.323,180.0295,1,,,
566,,,19.1528,-23.2719,181.1246,1,,,
567,,,19.1895,-23.0418,182.3192,1,,,
568,,,19.2927,-22.5,183.4394,1,,,
569,,,19.336,-21.9195,184.3568,1,,,
570,,,19.3608,-21.1419,185.1263,1,,,
571,,,19.398,-20.299,185.7027,1,,,
572,,,19.4153,-19.3016,186.1499,1,,,
573,,,19.4311,-18.2769,186.3607,1,,,
574,,,19.4436,-17.2594,186.3865,1,,,
575,,,19.448,-16.2054,186.2283,1,,,
576,,,19.4672,-17.1878,186.4895,1,,,
577,,,19.4476,-18.1663,186.8303,1,,,
578,,,19.435,-19.1232,187.2765,1,,,
579,,,19.4438,-18.1104,186.7906,1,,,
580,,,19.4317,-17.2194,186.2513,1,,,
581,,,19.4484,-16.4417,185.5671,1,,,
582,,,19.4283,-15.6479,184.6427,1,,,
583,,,19.3959,-15.0728,183.7654,1,,,
584,,,19.3854,-14.5672,182.7552,1,,,
585,,,19.3516,-14.215,181.5908,1,,,
586,,,19.3411,-13.9436,180.3341,1,,,
587,,,19.2968,-13.7651,178.9693,1,,,
588,,,19.2864,-13.7085,177.5289,1,,,
589,,,19.2577,-13.6787,176.0446,1,,,
590,,,19.2408,-13.7023,175.0376,1,,,
591,,,19.2256,-13.721,173.9881,1,,,
592,,,19.1904,-13.7614,172.9485,1,,,
593,,,19.1721,-13.8118,171.8938,1,,,
594,,,19.1399,-13.8409,170.8253,1,,,
595,,,19.1186,-13.8941,169.745,1,,,
596,,,19.0985,-13.9466,168.6635,1,,,
597,,,19.0605,-13.994,167.5553,1,,,
598,,,19.0374,-14.0482,166.4519,1,,,
599,,,19.002,-14.109,165.3507,1,,,
600,,,18.9673,-14.1552,164.2617,1,,,
601,,,18.9218,-14.2257,163.1962,1,,,
602,,,18.8979,-14.2914,162.1071,1,,,
603,,,18.8651,-14.3437,161.0154,1,,,
604,,,18.8359,-14.4286,159.9449,1,,,
605,,,18.7848,-14.5098,158.9066,1,,,
606,,,18.7397,-14.6271,157.8953,1,,,
607,,,18.7178,-14.7489,156.8977,1,,,
608,,,18.6664,-14.9959,155.4267,1,,,
609,,,18.6164,-15.3035,153.9857,1,,,
610,,,18.5586,-15.6551,152.6027,1,,,
611,,,18.511,-16.0941,151.2143,1,,,
612,,,18.451,-16.5548,149.9094,1,,,
613,,,18.3843,-17.01,148.6002,1,,,
614,,,18.3216,-17.4375,147.2086,1,,,
615,,,18.2505,-17.8139,145.7904,1,,,
616,,,18.1841,-18.1477,144.3693,1,,,
617,,,18.1408,-18.3349,143.3699,1,,,
618,,,18.0902,-18.508,142.363,1,,,
619,,,18.0245,-18.6554,141.3239,1,,,
620,,,17.9797,-18.781,140.2545,1,,,
621,,,17.9201,-18.8847,139.1666,1,,,
622,,,17.8585,-18.9724,138.0658,1,,,
623,,,17.783,-19.0496,136.9577,1,,,
624,,,17.7133,-19.1025,135.8398,1,,,
625,,,17.6542,-19.1444,134.7191,1,,,
626,,,17.5854,-19.1978,133.6047,1,,,
627,,,17.5169,-19.234,132.5217,1,,,
628,,,17.4368,-19.2639,131.4667,1,,,
629,,,17.3739,-19.2915,130.3929,1,,,
630,,,17.2951,-19.3199,129.321,1,,,
631,,,17.1876,-19.3489,127.8451,1,,,
632,,,17.0829,-19.3708,126.4477,1,,,
633,,,16.9873,-19.4045,125.0882,1,,,
634,,,16.8852,-19.4123,123.8273,1,,,
635,,,16.7941,-19.4168,122.6206,1,,,
636,,,16.7237,-19.4364,121.4938,1,,,
637,,,16.6474,-19.4254,120.472,1,,,
638,,,16.5443,-19.4261,119.2916,1,,,
639,,,16.4573,-19.4264,118.1289,1,,,
640,,,16.3837,-19.4341,117.0252,1,,,
641,,,16.2884,-19.4283,115.9537,1,,,
642,,,16.1946,-19.4212,114.849,1,,,
643,,,16.0801,-19.4131,113.77,1,,,
644,,,15.9745,-19.4118,112.4779,1,,,
645,,,15.8838,-19.4114,111.4182,1,,,
646,,,15.7697,-19.4086,110.2498,1,,,
647,,,15.6448,-19.4176,109.0196,1,,,
648,,,15.5145,-19.4528,107.7806,1,,,
649,,,15.3717,-19.5058,106.4742,1,,,
650,,,15.1991,-19.5707,105.0934,1,,,
651,,,15.0632,-19.6435,103.6908,1,,,
652,,,14.8956,-19.7522,102.2967,1,,,
653,,,14.7363,-19.8989,100.8779,1,,,
654,,,14.5613,-20.0973,99.4496,1,,,
655,,,14.3958,-20.3106,98.001,1,,,
656,,,14.208,-20.6104,96.5699,1,,,
657,,,14.0472,-20.9249,95.1943,1,,,
658,,,13.8641,-21.362,93.8335,1,,,
659,,,13.6931,-21.8456,92.5122,1,,,
660,,,13.5207,-22.3974,91.2268,1,,,
661,,,13.3209,-23.0588,89.9794,1,,,
662,,,13.1719,-23.8218,88.7892,1,,,
663,,,12.9585,-24.6821,87.6353,1,,,
664,,,12.8089,-25.5888,86.5618,1,,,
665,,,12.6302,-26.6333,85.525,1,,,
666,,,12.4753,-27.7365,84.6088,1,,,
667,,,12.2911,-28.9128,83.7698,1,,,
668,,,12.1394,-30.1716,83.0379,1,,,
669,,,12.033,-31.4388,82.4159,1,,,
670,,,11.9183,-32.7776,81.8814,1,,,
671,,,11.8341,-33.749,81.556,1,,,
672,,,11.7467,-34.756,81.2846,1,,,
673,,,11.7232,-35.7329,81.0694,1,,,
674,,,11.6702,-36.7499,80.863,1,,,
675,,,11.5847,-37.8341,80.6907,1,,,
676,,,11.5655,-38.9704,80.5536,1,,,
677,,,11.5162,-40.1185,80.4628,1,,,
678,,,11.4962,-41.2522,80.4049,1,,,
679,,,11.4849,-42.3799,80.3702,1,,,
680,,,11.4187,-43.534,80.3427,1,,,
681,,,11.4109,-44.6778,80.3495,1,,,
682,,,11.3662,-45.8089,80.3883,1,,,
683,,,11.3305,-47.0181,80.4291,1,,,
684,,,11.328,-48.246,80.4508,1,,,
685,,,11.2938,-49.4422,80.5154,1,,,
686,,,11.2632,-50.6651,80.5591,1,,,
687,,,11.2478,-51.8736,80.6203,1,,,
688,,,11.2321,-53.1001,80.6805,1,,,
689,,,11.1989,-54.3807,80.7376,1,,,
690,,,11.1869,-55.6681,80.806,1,,,
691,,,11.1868,-56.9754,80.8761,1,,,
692,,,11.1554,-58.3012,80.9576,1,,,
693,,,11.1459,-59.6346,81.019,1,,,
694,,,11.1216,-60.9697,81.0826,1,,,
695,,,11.1139,-62.3327,81.1507,1,,,
696,,,11.1019,-63.7208,81.2117,1,,,
697,,,11.0755,-65.0979,81.2681,1,,,
698,,,11.0585,-66.5252,81.3295,1,,,
699,,,11.0552,-67.9728,81.3888,1,,,
700,,,11.0355,-69.4188,81.4563,1,,,
701,,,11.0253,-70.8866,81.5205,1,,,
702,,,11.0141,-72.3294,81.5671,1,,,
703,,,10.9904,-73.802,81.618,1,,,
704,,,11.0035,-75.2857,81.6825,1,,,
705,,,10.9819,-76.7718,81.7276,1,,,
706,,,10.9639,-78.2357,81.7829,1,,,
707,,,10.9506,-79.7065,81.8256,1,,,
708,,,10.9515,-81.1586,81.8538,1,,,
709,,,10.9368,-82.6232,81.8895,1,,,
710,,,10.9398,-84.1239,81.9443,1,,,
711,,,10.931,-85.6353,81.9744,1,,,
712,,,10.9287,-87.126,82.0289,1,,,
713,,,10.898,-88.5897,82.0807,1,,,
714,,,10.8947,-90.0404,82.1038,1,,,
715,,,10.8952,-91.5186,82.1282,1,,,
716,,,10.8976,-93.0354,82.1832,1,,,
717,,,10.8859,-94.5238,82.2323,1,,,
718,,,10.8815,-96.0092,82.2606,1,,,
719,,,10.8882,-97.49,82.3106,1,,,
720,,,10.8683,-98.9961,82.3479,1,,,
721,,,10.8684,-100.4967,82.3743,1,,,
722,,,10.8747,-101.9953,82.4113,1,,,
723,,,10.8642,-103.4911,82.4422,1,,,
724,,,10.8578,-104.9847,82.4675,1,,,
725,,,10.8655,-106.5003,82.4927,1,,,
726,,,10.8618,-108.0288,82.5315,1,,,
727,,,10.8483,-109.538,82.561,1,,,
728,,,10.8557,-111.07,82.591,1,,,
729,,,10.8438,-112.6072,82.6255,1,,,
730,,,10.8412,-114.1436,82.6501,1,,,
731,,,10.8347,-115.6986,82.6669,1,,,
732,,,10.8442,-117.2456,82.6954,1,,,
733,,,10.842,-118.8038,82.7244,1,,,
734,,,10.8359,-120.3732,82.7565,1,,,
735,,,10.8457,-121.9379,82.7942,1,,,
736,,,10.8355,-123.5023,82.8275,1,,,
737,,,10.8429,-125.0585,82.873,1,,,
738,,,10.8359,-126.6236,82.8994,1,,,
739,,,10.8511,-128.1873,82.9234,1,,,
740,,,10.8478,-129.7435,82.9653,1,,,
741,,,10.8565,-131.2932,82.9989,1,,,
742,,,10.8375,-132.8472,83.0232,1,,,
743,,,10.8512,-134.4123,83.0661,1,,,
744,,,10.8609,-135.9851,83.1026,1,,,
745,,,10.8571,-137.5403,83.1398,1,,,
746,,,10.8617,-139.1005,83.1697,1,,,
747,,,10.8728,-140.6657,83.193,1,,,
748,,,10.8926,-142.2433,83.2337,1,,,
749,,,10.8744,-143.8061,83.2792,1,,,
750,,,10.8916,-145.3604,83.3097,1,,,
751,,,10.9229,-146.9646,83.3451,1,,,
752,,,10.9159,-148.5537,83.3818,1,,,
753,,,10.9271,-150.122,83.42,1,,,
754,,,10.9583,-151.7019,83.4353,1,,,
755,,,10.9485,-153.2874,83.4787,1,,,
756,,,10.9692,-154.8591,83.5189,1,,,
757,,,10.9896,-156.4562,83.5503,1,,,
758,,,11.0035,-158.0755,83.5855,1,,,
759,,,11.0026,-159.6998,83.6384,1,,,
760,,,11.03,-161.2725,83.6677,1,,,
761,,,11.0288,-162.8263,83.7113,1,,,
762,,,11.0481,-164.3814,83.7473,1,,,
763,,,11.0595,-165.8946,83.7779,1,,,
764,,,11.0675,-167.4687,83.818,1,,,
765,,,11.0846,-169.053,83.8535,1,,,
766,,,11.0847,-170.6484,83.8854,1,,,
767,,,11.1009,-172.2331,83.9016,1,,,
768,,,11.1247,-173.8048,83.948,1,,,
769,,,11.1339,-175.4076,83.9769,1,,,
770,,,11.1427,-176.9779,84.002,1,,,
771,,,11.1491,-178.5176,84.0335,1,,,
772,,,11.1555,-180.0868,84.0926,1,,,
773,,,11.156,-181.6627,84.1071,1,,,
774,,,11.1823,-183.2358,84.1398,1,,,
775,,,11.2005,-184.7816,84.1759,1,,,
776,,,11.207,-186.3439,84.2062,1,,,
777,,,11.2372,-187.8941,84.246,1,,,
778,,,11.2539,-189.4526,84.2521,1,,,
779,,,11.2419,-190.9724,84.2842,1,,,
780,,,11.2597,-192.5025,84.3116,1,,,
781,,,11.2933,-193.9886,84.3399,1,,,
782,,,11.3121,-195.4954,84.3575,1,,,
783,,,11.3252,-197.021,84.3812,1,,,
784,,,11.3225,-198.5133,84.3996,1,,,
785,,,11.347,-199.9995,84.4144,1,,,
786,,,11.4117,-201.5191,84.419,1,,,
787,,,11.3691,-203.0121,84.4251,1,,,
788,,,11.4058,-204.4986,84.4225,1,,,
789,,,11.4161,-205.9779,84.4075,1,,,
790,,,11.424,-207.4361,84.4018,1,,,
791,,,11.4416,-208.9265,84.3746,1,,,
792,,,11.4529,-210.3837,84.3512,1,,,
793,,,11.47,-211.8182,84.3028,1,,,
794,,,11.4742,-213.221,84.2575,1,,,
795,,,11.4815,-214.636,84.2127,1,,,
796,,,11.4855,-216.0474,84.1667,1,,,
797,,,11.4797,-217.4566,84.1218,1,,,
798,,,11.4864,-218.8493,84.042,1,,,
799,,,11.4958,-220.221,83.9579,1,,,
800,,,11.4961,-221.597,83.8792,1,,,
801,,,11.492,-222.9516,83.791,1,,,
802,,,11.4903,-224.2869,83.6878,1,,,
803,,,11.468,-225.6232,83.5869,1,,,
804,,,11.4925,-226.9198,83.4492,1,,,
805,,,11.499,-228.2261,83.3213,1,,,
806,,,11.4966,-229.5269,83.1984,1,,,
807,,,11.522,-230.8089,83.0672,1,,,
808,,,11.5096,-232.0809,82.9331,1,,,
809,,,11.491,-233.337,82.8272,1,,,
810,,,11.494,-234.6073,82.7192,1,,,
811,,,11.496,-235.8708,82.6271,1,,,
812,,,11.5012,-237.1198,82.5511,1,,,
813,,,11.4841,-238.3111,82.4972,1,,,
814,,,11.473,-239.4701,82.4644,1,,,
815,,,11.4757,-240.6228,82.4593,1,,,
816,,,11.4713,-241.7335,82.467,1,,,
817,,,11.4766,-242.7908,82.4969,1,,,
818,,,11.479,-243.8154,82.5364,1,,,
819,,,11.4803,-245.2685,82.6791,1,,,
820,,,11.4817,-246.6765,82.8696,1,,,
821,,,11.5106,-248.0836,83.1486,1,,,
822,,,11.5348,-249.4279,83.5007,1,,,
823,,,11.5869,-250.7423,83.9908,1,,,
824,,,11.633,-251.9655,84.61,1,,,
825,,,11.6869,-253.1062,85.3472,1,,,
826,,,11.7488,-254.1113,86.2176,1,,,
827,,,11.8351,-255.0337,87.1645,1,,,
828,,,11.8969,-255.8254,88.2092,1,,,
829,,,11.9629,-256.4878,89.3416,1,,,
830,,,12.0905,-257.0171,90.5165,1,,,
831,,,12.1991,-257.3832,91.7501,1,,,
832,,,12.2776,-257.6191,93.0192,1,,,
833,,,12.3814,-257.684,94.281,1,,,
834,,,12.4814,-257.6527,95.5116,1,,,
835,,,12.5866,-257.4808,96.7469,1,,,
836,,,12.6874,-257.1322,97.96,1,,,
837,,,12.7912,-256.7008,99.0939,1,,,
838,,,12.9072,-256.1255,100.2186,1,,,
839,,,12.9888,-255.3615,101.2866,1,,,
840,,,13.0564,-254.5176,102.234,1,,,
841,,,13.1789,-253.49,103.1124,1,,,
842,,,13.2542,-252.3548,103.8931,1,,,
843,,,13.3388,-251.131,104.5249,1,,,
844,,,13.4242,-249.7856,104.9696,1,,,
845,,,13.4784,-248.3981,105.3053,1,,,
846,,,13.5344,-247.0148,105.4311,1,,,
847,,,13.5691,-245.543,105.4316,1,,,
848,,,13.6036,-244.0512,105.2854,1,,,
849,,,13.6062,-243.0492,105.1035,1,,,
850,,,13.5875,-242.0173,104.8904,1,,,
851,,,13.5731,-240.9799,104.6316,1,,,
852,,,13.5635,-239.928,104.3423,1,,,
853,,,13.5698,-238.8466,104.0246,1,,,
854,,,13.5586,-237.7793,103.6705,1,,,
855,,,13.5361,-236.6822,103.3155,1,,,
856,,,13.4986,-235.589,102.9541,1,,,
857,,,13.4733,-234.4783,102.5619,1,,,
858,,,13.4707,-233.3246,102.1841,1,,,
859,,,13.4591,-232.1377,101.8145,1,,,
860,,,13.4412,-230.948,101.4355,1,,,
861,,,13.4155,-229.7195,101.0813,1,,,
862,,,13.41,-228.4636,100.7498,1,,,
863,,,13.4155,-227.2085,100.4308,1,,,
864,,,13.3981,-225.9663,100.1371,1,,,
865,,,13.3732,-224.7105,99.8709,1,,,
866,,,13.3801,-223.4192,99.6253,1,,,
867,,,13.3682,-222.1142,99.3876,1,,,
868,,,13.3628,-220.8096,99.1784,1,,,
869,,,13.3735,-219.4908,98.9977,1,,,
870,,,13.3782,-218.1366,98.8164,1,,,
871,,,13.3756,-216.7762,98.6458,1,,,
872,,,13.3762,-215.4022,98.4971,1,,,
873,,,13.3977,-214.036,98.3943,1,,,
874,,,13.4246,-212.6507,98.2712,1,,,
875,,,13.421,-211.2662,98.1677,1,,,
876,,,13.4326,-209.8688,98.079,1,,,
877,,,13.4286,-208.4964,97.9842,1,,,
878,,,13.4566,-207.1266,97.8737,1,,,
879,,,13.467,-205.7049,97.7952,1,,,
880,,,13.4565,-204.2887,97.6957,1,,,
881,,,13.4598,-202.9307,97.6061,1,,,
882,,,13.5316,-201.5703,97.5404,1,,,
883,,,13.5157,-200.1994,97.472,1,,,
884,,,13.5304,-198.8337,97.3976,1,,,
885,,,13.568,-197.4934,97.3548,1,,,
886,,,13.5979,-196.1536,97.2877,1,,,
887,,,13.62,-194.8198,97.2386,1,,,
888,,,13.6457,-193.4805,97.1813,1,,,
889,,,13.6624,-192.1308,97.1181,1,,,
890,,,13.6861,-190.7984,97.0662,1,,,
891,,,13.7117,-189.4593,97.0119,1,,,
892,,,13.7235,-188.0782,96.9729,1,,,
893,,,13.7298,-186.679,96.9264,1,,,
894,,,13.7367,-185.2881,96.8746,1,,,
895,,,13.7378,-183.8991,96.8348,1,,,
896,,,13.7217,-182.5043,96.7842,1,,,
897,,,13.7246,-181.081,96.7496,1,,,
898,,,13.7449,-179.643,96.7049,1,,,
899,,,13.7341,-178.2408,96.6618,1,,,
900,,,13.7235,-176.8328,96.6284,1,,,
901,,,13.7523,-175.4269,96.5906,1,,,
902,,,13.7524,-174.0533,96.5567,1,,,
903,,,13.7429,-172.6641,96.5288,1,,,
904,,,13.7625,-171.2564,96.5007,1,,,
905,,,13.7763,-169.8617,96.4696,1,,,
906,,,13.7775,-168.4642,96.4378,1,,,
907,,,13.7644,-167.0847,96.41,1,,,
908,,,13.7659,-165.6774,96.3772,1,,,
909,,,13.7582,-164.2614,96.3418,1,,,
910,,,13.7665,-162.8158,96.3059,1,,,
911,,,13.7626,-161.3582,96.2746,1,,,
912,,,13.7476,-159.8944,96.2303,1,,,
913,,,13.7458,-158.4465,96.1935,1,,,
914,,,13.7372,-156.9651,96.1519,1,,,
915,,,13.7377,-155.4458,96.1046,1,,,
916,,,13.7213,-153.9135,96.0712,1,,,
917,,,13.7115,-152.3908,96.0337,1,,,
918,,,13.703,-150.8688,95.9969,1,,,
919,,,13.6887,-149.3492,95.962,1,,,
920,,,13.6914,-147.8276,95.938,1,,,
921,,,13.6812,-146.2725,95.903,1,,,
922,,,13.6714,-144.7099,95.8593,1,,,
923,,,13.6632,-143.1581,95.8408,1,,,
924,,,13.6613,-141.596,95.8046,1,,,
925,,,13.6547,-140.0031,95.7691,1,,,
926,,,13.6349,-138.4397,95.7271,1,,,
927,,,13.6406,-136.8814,95.7062,1,,,
928,,,13.6404,-135.3053,95.6633,1,,,
929,,,13.6452,-133.7487,95.6162,1,,,
930,,,13.6439,-132.1725,95.5754,1,,,
931,,,13.6377,-130.6054,95.5545,1,,,
932,,,13.6358,-129.0678,95.5173,1,,,
933,,,13.6375,-127.495,95.4709,1,,,
934,,,13.6268,-125.9228,95.4323,1,,,
935,,,13.6294,-124.3743,95.3966,1,,,
936,,,13.6352,-122.8365,95.3717,1,,,
937,,,13.6296,-121.3168,95.342,1,,,
938,,,13.6399,-119.8036,95.3059,1,,,
939,,,13.6268,-118.297,95.2824,1,,,
940,,,13.6254,-116.8228,95.2614,1,,,
941,,,13.6214,-115.3528,95.2345,1,,,
942,,,13.6244,-113.8618,95.1993,1,,,
943,,,13.6319,-112.3774,95.16,1,,,
944,,,13.6294,-110.9039,95.1104,1,,,
945,,,13.6261,-109.4379,95.0782,1,,,
946,,,13.6375,-107.9767,95.0558,1,,,
947,,,13.6219,-106.5577,95.0163,1,,,
948,,,13.6201,-105.1458,94.9692,1,,,
949,,,13.6165,-103.7154,94.9219,1,,,
950,,,13.6045,-102.3006,94.892,1,,,
951,,,13.621,-100.8802,94.8548,1,,,
952,,,13.6473,-99.4886,94.7997,1,,,
953,,,13.6542,-98.099,94.7546,1,,,
954,,,13.664,-96.7167,94.7156,1,,,
955,,,13.6722,-95.3358,94.6807,1,,,
956,,,13.6783,-93.9723,94.6465,1,,,
957,,,13.6815,-92.6303,94.6105,1,,,
958,,,13.7058,-91.2724,94.589,1,,,
959,,,13.7083,-89.9364,94.5902,1,,,
960,,,13.7289,-88.6302,94.5664,1,,,
961,,,13.7615,-87.3262,94.5715,1,,,
962,,,13.7474,-86.0229,94.577,1,,,
963,,,13.7692,-84.7234,94.6079,1,,,
964,,,13.7708,-83.4501,94.6495,1,,,
965,,,13.7978,-82.2062,94.7073,1,,,
966,,,13.8367,-80.9593,94.7839,1,,,
967,,,13.877,-79.7339,94.8592,1,,,
968,,,13.8907,-78.5253,94.9659,1,,,
969,,,13.9207,-77.3288,95.0871,1,,,
970,,,13.9749,-76.1328,95.1893,1,,,
971,,,13.9998,-74.9445,95.3144,1,,,
972,,,13.9988,-73.7564,95.4499,1,,,
973,,,14.0173,-72.5824,95.567,1,,,
974,,,14.0404,-71.414,95.6985,1,,,
975,,,14.0739,-70.2339,95.8032,1,,,
976,,,14.0932,-69.0528,95.9016,1,,,
977,,,14.0978,-67.9073,96.012,1,,,
978,,,14.1021,-66.7051,96.1255,1,,,
979,,,14.1079,-65.5078,96.2067,1,,,
980,,,14.1202,-64.3035,96.262,1,,,
981,,,14.1512,-63.1248,96.3052,1,,,
982,,,14.1435,-61.9454,96.3439,1,,,
983,,,14.1258,-60.7837,96.3813,1,,,
984,,,14.1286,-59.661,96.4013,1,,,
985,,,14.1263,-58.5527,96.4135,1,,,
986,,,14.1234,-57.4512,96.4166,1,,,
987,,,14.1271,-56.3823,96.4011,1,,,
988,,,14.1275,-55.3547,96.3924,1,,,
989,,,14.0964,-53.8809,96.3852,1,,,
990,,,14.1196,-52.4655,96.3641,1,,,
991,,,14.0977,-51.1229,96.3486,1,,,
992,,,14.0825,-49.8573,96.3336,1,,,
993,,,14.06,-48.6779,96.3217,1,,,
994,,,14.0427,-47.5722,96.3164,1,,,
995,,,14.026,-46.5673,96.3014,1,,,
996,,,14.016,-45.3841,96.2998,1,,,
997,,,14.0222,-44.1979,96.298,1,,,
998,,,14.0026,-43.1803,96.2931,1,,,
999,,,14.002,-42.1746,96.2931,1,,,
1000,,,13.9926,-41.0785,96.3495,1,,,
1001,,,14.0062,-39.9515,96.4369,1,,,
1002,,,14.0091,-38.8935,96.5697,1,,,
1003,,,14.022,-37.5881,96.7779,1,,,
1004,,,14.0659,-36.4633,96.9838,1,,,
1005,,,14.1079,-35.2454,97.2616,1,,,
1006,,,14.1257,-33.9409,97.5863,1,,,
1007,,,14.1767,-32.5868,97.967,1,,,
1008,,,14.2477,-31.1756,98.4034,1,,,
1009,,,14.3026,-30.1996,98.7064,1,,,
1010,,,14.3547,-29.2012,99.0319,1,,,
1011,,,14.3963,-28.2079,99.3753,1,,,
1012,,,14.4536,-27.2109,99.7324,1,,,
1013,,,14.4986,-26.2231,100.0912,1,,,
1014,,,14.5769,-25.2485,100.4426,1,,,
1015,,,14.6317,-24.2919,100.7839,1,,,
1016,,,14.6836,-23.3074,101.141,1,,,
1017,,,14.7518,-22.3337,101.5108,1,,,
1018,,,14.8074,-21.3721,101.8677,1,,,
1019,,,14.868,-20.3855,102.2235,1,,,
1020,,,14.9224,-19.3953,102.5698,1,,,
1021,,,14.9795,-18.4167,102.9218,1,,,
1022,,,15.0494,-17.4276,103.2405,1,,,
1023,,,15.0883,-16.4204,103.554,1,,,
1024,,,15.1567,-15.4021,103.8809,1,,,
1025,,,15.1979,-14.3878,104.2027,1,,,
1026,,,15.2739,-13.3651,104.493,1,,,
1027,,,15.3142,-12.3447,104.7683,1,,,
1028,,,15.3696,-11.3014,105.0316,1,,,
1029,,,15.4221,-10.2564,105.2935,1,,,
1030,,,15.4699,-9.203,105.557,1,,,
1031,,,15.5155,-8.1347,105.7696,1,,,
1032,,,15.5599,-7.0912,105.9773,1,,,
1033,,,15.6254,-6.031,106.1796,1,,,
1034,,,15.6897,-4.9878,106.3663,1,,,
1035,,,15.7287,-3.9266,106.532,1,,,
1036,,,15.808,-2.8906,106.6928,1,,,
1037,,,15.8574,-1.8526,106.8453,1,,,
1038,,,15.8642,-0.8146,106.9693,1,,,
1039,,,15.8982,0.2073,107.0787,1,,,
1040,,,15.9854,1.2277,107.1916,1,,,
1041,,,16.0106,2.2565,107.2835,1,,,
1042,,,16.0358,3.2685,107.3416,1,,,
1043,,,16.0548,4.7581,107.424,1,,,
1044,,,16.0732,5.7719,107.4389,1,,,
1045,,,16.0977,6.7816,107.4268,1,,,
1046,,,16.0952,8.2192,107.3164,1,,,
1047,,,16.0902,9.6484,107.1331,1,,,
1048,,,16.1097,11.0577,106.8555,1,,,
1049,,,16.0712,12.3949,106.4832,1,,,
1050,,,16.03,13.6923,106.0243,1,,,
1051,,,15.9935,14.9193,105.4522,1,,,
1052,,,15.93,16.1327,104.8021,1,,,
1053,,,15.8381,17.2631,104.0703,1,,,
1054,,,15.781,18.2446,103.2587,1,,,
1055,,,15.7113,19.1893,102.3731,1,,,
1056,,,15.6412,20.0381,101.4225,1,,,
1057,,,15.5138,20.7961,100.429,1,,,
1058,,,15.4076,21.4365,99.3924,1,,,
1059,,,15.3015,22.0448,98.2606,1,,,
1060,,,15.1774,22.5185,97.0723,1,,,
1061,,,15.055,22.8716,95.8429,1,,,
1062,,,14.9455,23.1549,94.641,1,,,
1063,,,14.7998,23.2851,93.4122,1,,,
1064,,,14.6678,23.3275,92.1846,1,,,
1065,,,14.5048,23.2556,90.9381,1,,,
1066,,,14.3486,23.108,89.714,1,,,
1067,,,14.1975,22.8188,88.4828,1,,,
1068,,,14.0232,22.4761,87.2733,1,,,
1069,,,13.8762,22.028,86.1028,1,,,
1070,,,13.7328,21.4658,84.9703,1,,,
1071,,,13.5876,20.833,83.8736,1,,,
1072,,,13.4435,20.1553,82.9039,1,,,
1073,,,13.3302,19.3668,81.964,1,,,
1074,,,13.1891,18.5484,81.1219,1,,,
1075,,,13.0636,17.6284,80.3731,1,,,
1076,,,12.973,16.6895,79.7113,1,,,
1077,,,12.8621,15.6947,79.173,1,,,
1078,,,12.8053,14.698,78.7495,1,,,
1079,,,12.7283,13.6936,78.4057,1,,,
1080,,,12.6844,12.6925,78.1226,1,,,
1081,,,12.6369,11.6525,77.9247,1,,,
1082,,,12.5627,10.6549,77.7554,1,,,
1083,,,12.5028,9.4108,77.6037,1,,,
1084,,,12.4628,8.2017,77.4971,1,,,
1085,,,12.4386,7.1369,77.4324,1,,,
1086,,,12.4069,5.9654,77.4294,1,,,
1087,,,12.3674,4.8672,77.4183,1,,,
1088,,,12.3246,3.8301,77.4615,1,,,
1089,,,12.281,2.8086,77.5013,1,,,
1090,,,12.2484,1.7383,77.5436,1,,,
1091,,,12.2244,0.663,77.5833,1,,,
1092,,,12.1891,-0.4471,77.6542,1,,,
1093,,,12.1378,-1.7814,77.7188,1,,,
1094,,,12.0927,-2.9162,77.7778,1,,,
1095,,,12.0589,-4.1634,77.8424,1,,,
1096,,,12.0114,-5.4839,77.911,1,,,
1097,,,12.0026,-6.8384,77.9747,1,,,
1098,,,11.9447,-8.2728,78.0616,1,,,
1099,,,11.9182,-9.7648,78.1245,1,,,
1100,,,11.902,-10.8145,78.1685,1,,,
1101,,,11.8814,-11.8863,78.2173,1,,,
1102,,,11.8691,-12.9787,78.2713,1,,,
1103,,,11.8485,-14.0994,78.3307,1,,,
1104,,,11.8515,-15.2511,78.3858,1,,,
1105,,,11.827,-16.3881,78.4495,1,,,
1106,,,11.8217,-17.546,78.537,1,,,
1107,,,11.8353,-18.7162,78.6155,1,,,
1108,,,11.8243,-19.9091,78.693,1,,,
1109,,,11.812,-21.1358,78.7847,1,,,
1110,,,11.8055,-22.3713,78.8906,1,,,
1111,,,11.7669,-23.6306,79.0072,1,,,
1112,,,11.7431,-24.9133,79.1053,1,,,
1113,,,11.7045,-26.1968,79.2009,1,,,
1114,,,11.6796,-27.4773,79.317,1,,,
1115,,,11.6478,-28.7739,79.4376,1,,,
1116,,,11.6318,-30.083,79.5447,1,,,
1117,,,11.6082,-31.4127,79.6387,1,,,
1118,,,11.5718,-32.7321,79.7564,1,,,
1119,,,11.5408,-34.0536,79.8498,1,,,
1120,,,11.5263,-35.3885,79.9379,1,,,
1121,,,11.5761,-36.7857,80.0029,1,,,
1122,,,11.5281,-38.1417,80.0842,1,,,
1123,,,11.4652,-39.5274,80.1782,1,,,
1124,,,11.455,-40.9279,80.2558,1,,,
1125,,,11.4611,-42.3048,80.3408,1,,,
1126,,,11.4002,-43.6348,80.414,1,,,
1127,,,11.3788,-44.9992,80.4877,1,,,
1128,,,11.3595,-46.361,80.5799,1,,,
1129,,,11.3323,-47.7464,80.6662,1,,,
1130,,,11.3266,-49.1385,80.7528,1,,,
1131,,,11.2875,-50.5428,80.8381,1,,,
1132,,,11.2876,-51.942,80.9026,1,,,
1133,,,11.2504,-53.3646,80.9826,1,,,
1134,,,11.2158,-54.8218,81.0534,1,,,
1135,,,11.2022,-56.2584,81.1238,1,,,
1136,,,11.1909,-57.7554,81.2042,1,,,
1137,,,11.1731,-59.2441,81.2738,1,,,
1138,,,11.151,-60.732,81.3161,1,,,
1139,,,11.1422,-62.2294,81.3777,1,,,
1140,,,11.1322,-63.7423,81.4325,1,,,
1141,,,11.0811,-65.261,81.4693,1,,,
1142,,,11.0636,-66.7944,81.5118,1,,,
1143,,,11.066,-68.3494,81.5546,1,,,
1144,,,11.065,-69.9177,81.6056,1,,,
1145,,,11.0552,-71.5032,81.6427,1,,,
1146,,,10.9989,-73.0777,81.6777,1,,,
1147,,,11.0045,-74.699,81.726,1,,,
1148,,,10.9912,-76.3195,81.7822,1,,,
1149,,,10.9641,-77.8943,81.8246,1,,,
1150,,,10.9686,-79.4765,81.8866,1,,,
1151,,,10.9516,-81.0609,81.9196,1,,,
1152,,,10.9527,-82.6736,81.962,1,,,
1153,,,10.9596,-84.2958,82.0283,1,,,
1154,,,10.9488,-85.9086,82.0855,1,,,
1155,,,10.9401,-87.4859,82.1334,1,,,
1156,,,10.9161,-89.0581,82.1894,1,,,
1157,,,10.8951,-90.6824,82.2138,1,,,
1158,,,10.9146,-92.3063,82.2531,1,,,
1159,,,10.9052,-93.9144,82.3048,1,,,
1160,,,10.8843,-95.5223,82.345,1,,,
1161,,,10.9023,-97.1441,82.3881,1,,,
1162,,,10.8872,-98.78,82.4383,1,,,
1163,,,10.8804,-100.4202,82.4688,1,,,
1164,,,10.8851,-102.0403,82.5159,1,,,
1165,,,10.8835,-103.6541,82.5426,1,,,
1166,,,10.8735,-105.2687,82.5799,1,,,
1167,,,10.8706,-106.9072,82.6164,1,,,
1168,,,10.869,-108.5452,82.6506,1,,,
1169,,,10.8532,-110.1714,82.6804,1,,,
1170,,,10.8608,-111.796,82.7152,1,,,
1171,,,10.8539,-113.437,82.7514,1,,,
1172,,,10.8531,-115.0788,82.7809,1,,,
1173,,,10.8601,-116.7099,82.814,1,,,
1174,,,10.8604,-118.3322,82.8336,1,,,
1175,,,10.8497,-119.9585,82.8601,1,,,
1176,,,10.8576,-121.5993,82.8992,1,,,
1177,,,10.8546,-123.2465,82.9388,1,,,
1178,,,10.8522,-124.8711,82.9777,1,,,
1179,,,10.8443,-126.5001,83.006,1,,,
1180,,,10.8619,-128.1287,83.0345,1,,,
1181,,,10.8661,-129.745,83.0674,1,,,
1182,,,10.8628,-131.3678,83.11,1,,,
1183,,,10.8527,-132.9959,83.1404,1,,,
1184,,,10.8682,-134.5992,83.1737,1,,,
1185,,,10.8722,-136.2117,83.2157,1,,,
1186,,,10.8681,-137.8295,83.2583,1,,,
1187,,,10.8649,-139.4251,83.2851,1,,,
1188,,,10.8892,-141.0236,83.3235,1,,,
1189,,,10.9009,-142.6232,83.3721,1,,,
1190,,,10.8928,-144.2013,83.4102,1,,,
1191,,,10.9137,-145.7939,83.4536,1,,,
1192,,,10.9385,-147.3894,83.4863,1,,,
1193,,,10.928,-148.9718,83.5293,1,,,
1194,,,10.948,-150.5447,83.5623,1,,,
1195,,,10.9783,-152.0907,83.5845,1,,,
1196,,,10.9565,-153.6324,83.6135,1,,,
1197,,,10.9777,-155.1559,83.6499,1,,,
1198,,,10.9974,-156.7319,83.6699,1,,,
1199,,,11.0054,-158.3,83.7048,1,,,
1200,,,11.0142,-159.8557,83.7416,1,,,
1201,,,11.0423,-161.3585,83.7741,1,,,
1202,,,11.0364,-162.8414,83.803,1,,,
1203,,,11.0667,-164.3145,83.8355,1,,,
1204,,,11.0775,-165.7984,83.8623,1,,,
1205,,,11.0759,-167.3073,83.9029,1,,,
1206,,,11.0839,-168.8218,83.9395,1,,,
1207,,,11.089,-170.3427,83.97,1,,,
1208,,,11.1072,-171.8339,83.9992,1,,,
1209,,,11.1208,-173.3505,84.0339,1,,,
1210,,,11.1335,-174.8375,84.0657,1,,,
1211,,,11.1462,-176.3107,84.0953,1,,,
1212,,,11.1619,-177.8177,84.1324,1,,,
1213,,,11.1682,-179.2979,84.1833,1,,,
1214,,,11.1771,-180.7922,84.2288,1,,,
1215,,,11.1894,-182.2944,84.2595,1,,,
1216,,,11.1922,-183.8039,84.289,1,,,
1217,,,11.2151,-185.2663,84.3152,1,,,
1218,,,11.2206,-186.7171,84.3372,1,,,
1219,,,11.2414,-188.1789,84.3507,1,,,
1220,,,11.2655,-189.609,84.3648,1,,,
1221,,,11.2576,-191.0126,84.3734,1,,,
1222,,,11.2745,-192.4627,84.3732,1,,,
1223,,,11.2899,-193.8915,84.3868,1,,,
1224,,,11.3127,-195.3043,84.4118,1,,,
1225,,,11.3279,-196.7286,84.4179,1,,,
1226,,,11.3356,-198.1452,84.4048,1,,,
1227,,,11.3318,-199.5563,84.4347,1,,,
1228,,,11.3829,-200.9889,84.4324,1,,,
1229,,,11.3655,-202.4324,84.4371,1,,,
1230,,,11.4057,-203.8393,84.4607,1,,,
1231,,,11.4226,-205.2428,84.4686,1,,,
1232,,,11.423,-206.6282,84.4794,1,,,
1233,,,11.43,-208.0092,84.4941,1,,,
1234,,,11.4389,-209.3951,84.4865,1,,,
1235,,,11.46,-210.7667,84.4663,1,,,
1236,,,11.4783,-212.1129,84.4412,1,,,
1237,,,11.4844,-213.4461,84.4221,1,,,
1238,,,11.4917,-214.7791,84.3718,1,,,
1239,,,11.4883,-216.1056,84.3245,1,,,
1240,,,11.4879,-217.4178,84.2664,1,,,
1241,,,11.4846,-218.7087,84.1842,1,,,
1242,,,11.4992,-219.9956,84.0977,1,,,
1243,,,11.5039,-221.2715,83.9845,1,,,
1244,,,11.4943,-222.5549,83.8655,1,,,
1245,,,11.4787,-223.7902,83.7386,1,,,
1246,,,11.4829,-225.0307,83.6082,1,,,
1247,,,11.48,-226.2819,83.4701,1,,,
1248,,,11.4913,-227.519,83.3267,1,,,
1249,,,11.5071,-228.7379,83.1945,1,,,
1250,,,11.4908,-229.9611,83.0662,1,,,
1251,,,11.4979,-231.1594,82.9449,1,,,
1252,,,11.5013,-232.3465,82.8403,1,,,
1253,,,11.4951,-233.52,82.7573,1,,,
1254,,,11.4818,-234.7081,82.6595,1,,,
1255,,,11.4892,-235.9082,82.5675,1,,,
1256,,,11.485,-237.082,82.5069,1,,,
1257,,,11.4718,-238.2572,82.438,1,,,
1258,,,11.465,-239.4132,82.3952,1,,,
1259,,,11.4696,-240.5733,82.3896,1,,,
1260,,,11.4733,-241.7278,82.3908,1,,,
1261,,,11.4718,-242.8534,82.4099,1,,,
1262,,,11.4781,-243.9731,82.4844,1,,,
1263,,,11.4708,-245.0528,82.5927,1,,,
1264,,,11.4807,-246.0998,82.734,1,,,
1265,,,11.5003,-247.1061,82.9131,1,,,
1266,,,11.5193,-248.5159,83.3014,1,,,
1267,,,11.5548,-249.8604,83.7508,1,,,
1268,,,11.6192,-251.1904,84.3454,1,,,
1269,,,11.6587,-252.4188,85.0512,1,,,
1270,,,11.7077,-253.5493,85.8622,1,,,
1271,,,11.7937,-254.5633,86.7989,1,,,
1272,,,11.8789,-255.4738,87.8267,1,,,
1273,,,11.9437,-256.2415,88.949,1,,,
1274,,,12.0573,-256.8572,90.1483,1,,,
1275,,,12.1813,-257.3233,91.374,1,,,
1276,,,12.2523,-257.6161,92.6572,1,,,
1277,,,12.3529,-257.763,93.9541,1,,,
1278,,,12.4492,-257.7431,95.2349,1,,,
1279,,,12.5578,-257.6027,96.4765,1,,,
1280,,,12.6725,-257.2648,97.7487,1,,,
1281,,,12.7859,-256.8016,98.9379,1,,,
1282,,,12.8973,-256.1907,100.1072,1,,,
1283,,,12.9864,-255.3995,101.2305,1,,,
1284,,,13.0606,-254.5083,102.2142,1,,,
1285,,,13.1993,-253.433,103.1253,1,,,
1286,,,13.2568,-252.2592,103.9241,1,,,
1287,,,13.3536,-250.9909,104.572,1,,,
1288,,,13.4344,-249.5886,105.0221,1,,,
1289,,,13.4874,-248.1399,105.3599,1,,,
1290,,,13.5466,-246.674,105.459,1,,,
1291,,,13.5703,-245.6697,105.4507,1,,,
1292,,,13.5858,-244.6532,105.3762,1,,,
1293,,,13.6024,-243.6259,105.2171,1,,,
1294,,,13.6039,-242.5803,105.0011,1,,,
1295,,,13.572,-241.5068,104.7549,1,,,
1296,,,13.5692,-240.4364,104.4511,1,,,
1297,,,13.5562,-239.3446,104.1297,1,,,
1298,,,13.5432,-238.2243,103.7918,1,,,
1299,,,13.5318,-237.0705,103.4381,1,,,
1300,,,13.5212,-235.9143,103.0986,1,,,
1301,,,13.4955,-234.7431,102.7488,1,,,
1302,,,13.4836,-233.5463,102.3973,1,,,
1303,,,13.4675,-232.3282,102.0571,1,,,
1304,,,13.4562,-231.0893,101.7172,1,,,
1305,,,13.4439,-229.8457,101.3897,1,,,
1306,,,13.4447,-228.5508,101.0637,1,,,
1307,,,13.441,-227.2323,100.7624,1,,,
1308,,,13.4176,-225.9451,100.465,1,,,
1309,,,13.4038,-224.6097,100.1629,1,,,
1310,,,13.416,-223.2531,99.8963,1,,,
1311,,,13.402,-221.9045,99.6559,1,,,
1312,,,13.3834,-220.5305,99.4169,1,,,
1313,,,13.4021,-219.1047,99.1904,1,,,
1314,,,13.4092,-217.6951,99.0022,1,,,
1315,,,13.4064,-216.2831,98.8324,1,,,
1316,,,13.4077,-214.8711,98.6699,1,,,
1317,,,13.4004,-213.4513,98.5162,1,,,
1318,,,13.4311,-212.0451,98.3436,1,,,
1319,,,13.4146,-210.6285,98.1992,1,,,
1320,,,13.439,-209.2025,98.0753,1,,,
1321,,,13.429,-207.784,97.9582,1,,,
1322,,,13.4666,-206.3737,97.8571,1,,,
1323,,,13.4762,-204.9762,97.7865,1,,,
1324,,,13.4348,-203.5464,97.6913,1,,,
1325,,,13.5194,-202.1128,97.6165,1,,,
1326,,,13.5267,-200.7187,97.5499,1,,,
1327,,,13.5072,-199.2946,97.4804,1,,,
1328,,,13.5702,-197.8562,97.4195,1,,,
1329,,,13.5857,-196.436,97.3637,1,,,
1330,,,13.6247,-195.0165,97.3113,1,,,
1331,,,13.6438,-193.6019,97.249,1,,,
1332,,,13.6532,-192.2203,97.1976,1,,,
1333,,,13.6903,-190.8462,97.1382,1,,,
1334,,,13.7144,-189.4271,97.0929,1,,,
1335,,,13.7381,-187.9825,97.0369,1,,,
1336,,,13.7281,-186.5787,96.9785,1,,,
1337,,,13.7393,-185.1967,96.9228,1,,,
1338,,,13.742,-183.777,96.8857,1,,,
1339,,,13.7348,-182.3402,96.8445,1,,,
1340,,,13.7285,-180.8721,96.7969,1,,,
1341,,,13.7446,-179.3921,96.7447,1,,,
1342,,,13.7392,-177.9282,96.6958,1,,,
1343,,,13.7381,-176.4637,96.6487,1,,,
1344,,,13.7544,-174.9876,96.5988,1,,,
1345,,,13.7545,-173.5212,96.5494,1,,,
1346,,,13.7432,-172.0329,96.5173,1,,,
1347,,,13.7586,-170.5499,96.4692,1,,,
1348,,,13.7764,-169.07,96.4144,1,,,
1349,,,13.7612,-167.6006,96.3781,1,,,
1350,,,13.7716,-166.1382,96.3407,1,,,
1351,,,13.7475,-164.6673,96.3191,1,,,
1352,,,13.7387,-163.1759,96.2828,1,,,
1353,,,13.7777,-161.6741,96.2417,1,,,
1354,,,13.7566,-160.1823,96.2037,1,,,
1355,,,13.7375,-158.6913,96.1646,1,,,
1356,,,13.7296,-157.2236,96.1344,1,,,
1357,,,13.7403,-155.7437,96.0906,1,,,
1358,,,13.7203,-154.24,96.0663,1,,,
1359,,,13.7156,-152.7289,96.0313,1,,,
1360,,,13.7099,-151.2378,95.9984,1,,,
1361,,,13.6929,-149.7703,95.9752,1,,,
1362,,,13.693,-148.2988,95.9657,1,,,
1363,,,13.6829,-146.8225,95.9417,1,,,
1364,,,13.688,-145.3267,95.9136,1,,,
1365,,,13.6736,-143.8348,95.897,1,,,
1366,,,13.6719,-142.3478,95.8766,1,,,
1367,,,13.673,-140.8396,95.8536,1,,,
1368,,,13.6711,-139.34,95.8368,1,,,
1369,,,13.6619,-137.8728,95.8217,1,,,
1370,,,13.6638,-136.3762,95.8051,1,,,
1371,,,13.6665,-134.8958,95.7753,1,,,
1372,,,13.6814,-133.4124,95.7446,1,,,
1373,,,13.6735,-131.9477,95.7271,1,,,
1374,,,13.6644,-130.4972,95.7128,1,,,
1375,,,13.6478,-129.0286,95.6878,1,,,
1376,,,13.6645,-127.5393,95.657,1,,,
1377,,,13.668,-126.0246,95.6301,1,,,
1378,,,13.6549,-124.5365,95.608,1,,,
1379,,,13.6603,-123.0716,95.5795,1,,,
1380,,,13.6615,-121.5955,95.5556,1,,,
1381,,,13.6566,-120.128,95.5334,1,,,
1382,,,13.654,-118.6776,95.5048,1,,,
1383,,,13.6622,-117.2315,95.4723,1,,,
1384,,,13.6629,-115.78,95.4542,1,,,
1385,,,13.6444,-114.3462,95.4243,1,,,
1386,,,13.6391,-112.9282,95.387,1,,,
1387,,,13.6592,-111.4824,95.3313,1,,,
1388,,,13.6575,-110.0546,95.2854,1,,,
1389,,,13.6528,-108.6254,95.2527,1,,,
1390,,,13.6452,-107.211,95.2084,1,,,
1391,,,13.6431,-105.7915,95.1677,1,,,
1392,,,13.6613,-104.3556,95.1268,1,,,
1393,,,13.6508,-102.9451,95.1061,1,,,
1394,,,13.657,-101.5265,95.1003,1,,,
1395,,,13.6946,-100.1195,95.0786,1,,,
1396,,,13.6929,-98.7316,95.0846,1,,,
1397,,,13.7024,-97.3269,95.097,1,,,
1398,,,13.7453,-95.9282,95.1125,1,,,
1399,,,13.773,-94.542,95.1413,1,,,
1400,,,13.7784,-93.1655,95.1942,1,,,
1401,,,13.817,-91.7772,95.2478,1,,,
1402,,,13.834,-90.4319,95.3021,1,,,
1403,,,13.8186,-89.0862,95.368,1,,,
1404,,,13.8842,-87.7134,95.4501,1,,,
1405,,,13.9117,-86.3117,95.5072,1,,,
1406,,,13.9106,-84.9553,95.5757,1,,,
1407,,,13.9258,-83.6242,95.6493,1,,,
1408,,,13.97,-82.2794,95.7071,1,,,
1409,,,13.9916,-80.9485,95.7605,1,,,
1410,,,13.9989,-79.6208,95.8191,1,,,
1411,,,14.0214,-78.3011,95.8916,1,,,
1412,,,14.0638,-76.9659,95.9278,1,,,
1413,,,14.0827,-75.6471,95.9704,1,,,
1414,,,14.0779,-74.3285,96.0287,1,,,
1415,,,14.1044,-73.0174,96.0608,1,,,
1416,,,14.1123,-71.7174,96.085,1,,,
1417,,,14.1171,-70.396,96.1179,1,,,
1418,,,14.1304,-69.0823,96.1469,1,,,
1419,,,14.1192,-67.792,96.1708,1,,,
1420,,,14.1194,-66.4828,96.2013,1,,,
1421,,,14.1229,-65.1639,96.2208,1,,,
1422,,,14.1241,-63.8207,96.2338,1,,,
1423,,,14.1391,-62.5155,96.2424,1,,,
1424,,,14.1292,-61.2346,96.2656,1,,,
1425,,,14.1196,-59.9544,96.2785,1,,,
1426,,,14.1101,-58.7155,96.2917,1,,,
1427,,,14.1164,-57.4887,96.3009,1,,,
1428,,,14.1245,-56.301,96.311,1,,,
1429,,,14.1128,-55.1528,96.3246,1,,,
1430,,,14.0955,-54.0663,96.3209,1,,,
1431,,,14.0913,-53.0193,96.3185,1,,,
1432,,,14.1047,-52.0026,96.3175,1,,,
1433,,,14.0796,-50.5478,96.3124,1,,,
1434,,,14.074,-49.1726,96.3136,1,,,
1435,,,14.0485,-47.9336,96.307,1,,,
1436,,,14.0264,-46.8,96.2996,1,,,
1437,,,14.0313,-45.7736,96.2908,1,,,
1438,,,14.03,-44.592,96.3062,1,,,
1439,,,13.9998,-43.4199,96.3099,1,,,
1440,,,14.005,-42.3062,96.3131,1,,,
1441,,,14.0048,-41.2944,96.3529,1,,,
1442,,,14.0123,-40.0981,96.478,1,,,
1443,,,14.0482,-39.0073,96.7212,1,,,
1444,,,14.0695,-37.8023,97.0485,1,,,
1445,,,14.1369,-36.7377,97.4137,1,,,
1446,,,14.2031,-35.6126,97.9499,1,,,
1447,,,14.259,-34.4777,98.6657,1,,,
1448,,,14.3508,-33.6076,99.2976,1,,,
1449,,,14.4233,-32.7633,100.0659,1,,,
1450,,,14.5263,-31.9488,100.9117,1,,,
1451,,,14.6611,-31.1594,101.9319,1,,,
1452,,,14.7657,-30.4267,103.0719,1,,,
1453,,,14.9021,-29.7707,104.3902,1,,,
1454,,,15.0254,-29.2152,105.7993,1,,,
1455,,,15.0983,-28.8675,106.8189,1,,,
1456,,,15.2176,-28.581,107.8649,1,,,
1457,,,15.3106,-28.3221,108.9387,1,,,
1458,,,15.3837,-28.1093,110.0766,1,,,
1459,,,15.5013,-27.9458,111.1969,1,,,
1460,,,15.6044,-27.8343,112.3293,1,,,
1461,,,15.6995,-27.7476,113.4848,1,,,
1462,,,15.8026,-27.6992,114.6062,1,,,
1463,,,15.9071,-27.6639,115.7417,1,,,
1464,,,15.9998,-27.6249,116.9046,1,,,
1465,,,16.1017,-27.585,118.0706,1,,,
1466,,,16.1963,-27.5573,119.2579,1,,,
1467,,,16.2984,-27.5234,120.4329,1,,,
1468,,,16.3949,-27.478,121.6212,1,,,
1469,,,16.4901,-27.42,122.8301,1,,,
1470,,,16.5825,-27.34,124.0563,1,,,
1471,,,16.677,-27.2659,125.2706,1,,,
1472,,,16.7694,-27.1913,126.4967,1,,,
1473,,,16.8676,-27.1035,127.744,1,,,
1474,,,16.9577,-26.9944,128.9986,1,,,
1475,,,17.0367,-26.8742,130.2541,1,,,
1476,,,17.1314,-26.7473,131.5163,1,,,
1477,,,17.2308,-26.601,132.7792,1,,,
1478,,,17.3108,-26.4407,134.0546,1,,,
1479,,,17.4,-26.2637,135.3465,1,,,
1480,,,17.5097,-26.0762,136.6324,1,,,
1481,,,17.597,-25.8699,137.9271,1,,,
1482,,,17.6675,-25.6457,139.2504,1,,,
1483,,,17.773,-25.4247,140.5498,1,,,
1484,,,17.8449,-25.2223,141.8439,1,,,
1485,,,17.9107,-25.0306,143.1243,1,,,
1486,,,17.9808,-24.8267,144.367,1,,,
1487,,,18.0437,-24.6554,145.5999,1,,,
1488,,,18.1115,-24.4968,146.7981,1,,,
1489,,,18.1638,-24.3251,147.978,1,,,
1490,,,18.2159,-24.1903,149.1736,1,,,
1491,,,18.27,-24.0671,150.3615,1,,,
1492,,,18.3181,-23.9347,151.557,1,,,
1493,,,18.3494,-23.8212,152.7618,1,,,
1494,,,18.3863,-23.7083,153.9751,1,,,
1495,,,18.4304,-23.6135,155.2103,1,,,
1496,,,18.4798,-23.5327,156.4668,1,,,
1497,,,18.5203,-23.4675,157.7109,1,,,
1498,,,18.5662,-23.389,158.928,1,,,
1499,,,18.6058,-23.3225,160.1133,1,,,
1500,,,18.6334,-23.277,161.2527,1,,,
1501,,,18.6768,-23.2146,162.3836,1,,,
1502,,,18.7047,-23.1686,163.4937,1,,,
1503,,,18.7382,-23.1368,164.5724,1,,,
1504,,,18.7754,-23.0969,165.6047,1,,,
1505,,,18.812,-23.0464,167.0585,1,,,
1506,,,18.8519,-23.0133,168.4571,1,,,
1507,,,18.8864,-22.9829,169.7718,1,,,
1508,,,18.9126,-22.9597,171.0103,1,,,
1509,,,18.9397,-22.9621,172.1383,1,,,
1510,,,18.9742,-22.9717,173.2027,1,,,
1511,,,18.9939,-22.9721,174.457,1,,,
1512,,,19.0343,-22.9931,175.5644,1,,,
1513,,,19.058,-23.0276,176.6925,1,,,
