PID,B,L,H,Bx,Ly,ReF,MCODE1,MCODE2,MCODE3
1,33.0008166,129.295809,17.792,251.552,-49.581,1,4929,43,9
2,33.0008147,129.295804,17.792,250.952,-50.881,1,4929,43,9
3,33.0008124,129.295799,17.792,250.252,-52.181,1,4929,43,9
4,33.0008098,129.295794,17.792,249.452,-53.481,1,4929,43,9
5,33.0008069,129.2957891,17.792,248.552,-54.731,1,4929,43,9
6,33.000804,129.2957849,17.792,247.652,-55.831,1,4929,43,9
7,33.000801,129.2957807,17.792,246.752,-56.931,1,4929,43,9
8,33.0007981,129.2957768,17.792,245.852,-57.931,1,4929,43,9
9,33.0007954,129.295773,17.792,245.002,-58.931,1,4929,43,9
10,33.0007928,129.2957691,17.792,244.202,-59.931,1,4929,43,9
11,33.00079,129.2957653,17.792,243.352,-60.931,1,4929,43,9
12,33.0007876,129.2957614,17.792,242.602,-61.931,1,4929,43,9
13,33.0007851,129.2957575,17.792,241.852,-62.931,1,4929,43,9
14,33.0007829,129.2957537,17.792,241.152,-63.931,1,4929,43,9
15,33.0007808,129.2957498,17.792,240.502,-64.931,1,4929,43,9
17,33.0007754,129.2957425,17.792,238.852,-66.831,1,4929,43,9
18,33.0007736,129.2957385,17.792,238.302,-67.881,1,4929,43,9
19,33.0007718,129.2957344,17.792,237.752,-68.931,1,4929,43,9
20,33.00077,129.2957304,17.792,237.202,-69.981,1,4929,43,9
21,33.0007683,129.2957263,17.792,236.652,-71.031,1,4929,43,9
22,33.0007665,129.2957223,17.792,236.102,-72.081,1,4929,43,9
23,33.0007648,129.2957183,17.792,235.602,-73.131,1,4929,43,9
24,33.0007631,129.2957142,17.792,235.052,-74.181,1,4929,43,9
25,33.0007613,129.2957102,17.792,234.502,-75.231,1,4929,43,9
26,33.0007595,129.2957061,17.792,233.952,-76.281,1,4929,43,9
27,33.0007579,129.2957021,17.792,233.452,-77.331,1,4929,43,9
28,33.0007561,129.295698,17.792,232.902,-78.381,1,4929,43,9
29,33.0007543,129.295694,17.792,232.352,-79.431,1,4929,43,9
30,33.0007525,129.2956899,17.792,231.802,-80.481,1,4929,43,9
31,33.0007507,129.2956859,17.792,231.252,-81.531,1,4929,43,9
32,33.0007489,129.2956818,17.792,230.702,-82.581,1,4929,43,9
33,33.0007472,129.2956778,17.792,230.152,-83.631,1,4929,43,9
34,33.0007455,129.2956738,17.792,229.652,-84.681,1,4929,43,9
35,33.0007439,129.2956697,17.792,229.152,-85.731,1,4929,43,9
36,33.0007421,129.2956657,17.792,228.602,-86.781,1,4929,43,9
37,33.0007403,129.2956616,17.792,228.052,-87.831,1,4929,43,9
38,33.0007386,129.2956576,17.792,227.502,-88.881,1,4929,43,9
39,33.0007368,129.2956535,17.792,226.952,-89.931,1,4929,43,9
40,33.000735,129.2956495,17.792,226.402,-90.981,1,4929,43,9
41,33.000733,129.2956454,17.792,225.802,-92.031,1,4929,43,9
42,33.0007306,129.2956414,17.792,225.052,-93.081,1,4929,43,9
43,33.0007282,129.2956383,17.792,224.302,-93.881,1,4929,43,9
44,33.0007257,129.2956352,17.792,223.552,-94.681,1,4929,43,9
45,33.000723,129.2956327,17.792,222.702,-95.331,1,4929,43,9
46,33.0007199,129.2956306,17.792,221.752,-95.881,1,4929,43,9
47,33.0007168,129.2956287,17.792,220.802,-96.381,1,4929,43,9
48,33.0007134,129.2956273,17.792,219.752,-96.731,1,4929,43,9
49,33.00071,129.2956264,17.792,218.702,-96.981,1,4929,43,9
50,33.0007064,129.2956256,17.792,217.602,-97.181,1,4929,43,9
51,33.0007025,129.2956254,17.792,216.402,-97.231,1,4929,43,9
52,33.0006989,129.295626,17.792,215.302,-97.081,1,4929,43,9
53,33.0006954,129.2956271,17.792,214.202,-96.781,1,4929,43,9
54,33.0006918,129.2956287,17.792,213.102,-96.381,1,4929,43,9
55,33.0006884,129.295631,17.792,212.052,-95.781,1,4929,43,9
56,33.000685,129.2956341,17.792,211.002,-94.981,1,4929,43,9
57,33.0006822,129.2956379,17.792,210.152,-93.981,1,4929,43,9
58,33.0006801,129.2956418,17.792,209.502,-92.981,1,4929,43,9
59,33.0006787,129.295646,17.792,209.052,-91.881,1,4929,43,9
60,33.0006775,129.2956503,17.792,208.702,-90.781,1,4929,43,9
61,33.000677,129.2956545,17.792,208.552,-89.681,1,4929,43,9
62,33.000677,129.2956589,17.792,208.552,-88.531,1,4929,43,9
63,33.0006774,129.2956634,17.792,208.652,-87.381,1,4929,43,9
64,33.000678,129.2956678,17.792,208.852,-86.231,1,4929,43,9
65,33.0006791,129.2956722,17.792,209.202,-85.081,1,4929,43,9
66,33.0006804,129.2956766,17.792,209.602,-83.931,1,4929,43,9
67,33.0006821,129.2956811,17.792,210.102,-82.781,1,4929,43,9
68,33.0006842,129.2956855,17.792,210.752,-81.631,1,4929,43,9
69,33.0006864,129.2956899,17.792,211.452,-80.481,1,4929,43,9
70,33.000689,129.2956944,17.792,212.252,-79.331,1,4929,43,9
71,33.000692,129.2956986,17.792,213.152,-78.231,1,4929,43,9
72,33.0006951,129.2957028,17.792,214.102,-77.131,1,4929,43,9
73,33.0006981,129.2957071,17.792,215.052,-76.031,1,4929,43,9
74,33.0007012,129.2957113,17.792,216.002,-74.931,1,4929,43,9
75,33.0007045,129.2957156,17.792,217.002,-73.831,1,4929,43,9
76,33.0007077,129.2957198,17.792,218.002,-72.731,1,4929,43,9
77,33.000711,129.295724,17.792,219.002,-71.631,1,4929,43,9
78,33.0007142,129.2957283,17.792,220.002,-70.531,1,4929,43,9
79,33.0007175,129.2957325,17.792,221.002,-69.431,1,4929,43,9
80,33.0007207,129.2957367,17.792,222.002,-68.331,1,4929,43,9
81,33.0007239,129.295741,17.792,223.002,-67.231,1,4929,43,9
82,33.0007272,129.2957452,17.792,224.002,-66.131,1,4929,43,9
83,33.0007304,129.2957495,17.792,225.002,-65.031,1,4929,43,9
84,33.0007337,129.2957537,17.792,226.002,-63.931,1,4929,43,9
85,33.0007369,129.2957579,17.792,227.002,-62.831,1,4929,43,9
86,33.0007402,129.2957622,17.792,228.002,-61.731,1,4929,43,9
87,33.0007434,129.2957664,17.792,229.002,-60.631,1,4929,43,9
88,33.0007465,129.2957708,17.792,229.952,-59.481,1,4929,43,9
89,33.0007496,129.2957753,17.792,230.902,-58.331,1,4929,43,9
90,33.0007527,129.2957797,17.792,231.852,-57.181,1,4929,43,9
91,33.0007558,129.2957841,17.792,232.802,-56.031,1,4929,43,9
92,33.0007588,129.2957886,17.792,233.752,-54.881,1,4929,43,9
93,33.0007619,129.295793,17.792,234.702,-53.731,1,4929,43,9
94,33.0007648,129.2957974,17.792,235.602,-52.581,1,4929,43,9
95,33.0007674,129.2958019,17.792,236.402,-51.431,1,4929,43,9
96,33.00077,129.2958063,17.792,237.202,-50.281,1,4929,43,9
97,33.0007726,129.2958107,17.792,238.002,-49.131,1,4929,43,9
98,33.0007752,129.2958155,17.792,238.802,-47.881,1,4929,43,9
99,33.0007778,129.2958205,17.792,239.602,-46.581,1,4929,43,9
100,33.0007801,129.2958255,17.792,240.302,-45.281,1,4929,43,9
101,33.0007824,129.2958306,17.792,241.002,-43.981,1,4929,43,9
102,33.0007847,129.2958356,17.792,241.702,-42.681,1,4929,43,9
103,33.0007864,129.2958406,17.792,242.252,-41.381,1,4929,43,9
104,33.0007882,129.2958456,17.792,242.802,-40.081,1,4929,43,9
105,33.00079,129.2958506,17.792,243.352,-38.781,1,4929,43,9
106,33.0007916,129.2958556,17.792,243.852,-37.481,1,4929,43,9
107,33.0007931,129.2958606,17.792,244.302,-36.181,1,4929,43,9
108,33.0007946,129.2958656,17.792,244.752,-34.881,1,4929,43,9
109,33.0007959,129.2958706,17.792,245.152,-33.581,1,4929,43,9
110,33.000797,129.2958756,17.792,245.502,-32.281,1,4929,43,9
111,33.0007981,129.2958806,17.792,245.852,-30.981,1,4929,43,9
112,33.0007991,129.2958856,17.792,246.152,-29.681,1,4929,43,9
113,33.0007999,129.2958907,17.792,246.402,-28.381,1,4929,43,9
114,33.0008006,129.2958957,17.792,246.602,-27.081,1,4929,43,9
115,33.0008012,129.2959007,17.792,246.802,-25.781,1,4929,43,9
116,33.0008017,129.2959057,17.792,246.952,-24.481,1,4929,43,9
117,33.000802,129.2959107,17.792,247.052,-23.181,1,4929,43,9
118,33.0008023,129.2959157,17.792,247.152,-21.881,1,4929,43,9
119,33.0008023,129.2959207,17.792,247.152,-20.581,1,4929,43,9
120,33.0008023,129.2959257,17.792,247.152,-19.281,1,4929,43,9
121,33.000802,129.2959307,17.792,247.052,-17.981,1,4929,43,9
122,33.0008017,129.2959357,17.792,246.952,-16.681,1,4929,43,9
123,33.0008012,129.2959407,17.792,246.802,-15.381,1,4929,43,9
124,33.0008004,129.2959458,17.792,246.552,-14.081,1,4929,43,9
125,33.0007996,129.2959508,17.792,246.302,-12.781,1,4929,43,9
126,33.0007988,129.2959558,17.792,246.052,-11.481,1,4929,43,9
127,33.000798,129.2959608,17.792,245.802,-10.181,1,4929,43,9
128,33.0007972,129.2959658,17.792,245.552,-8.881,1,4929,43,9
129,33.0007965,129.2959708,17.792,245.352,-7.581,1,4929,43,9
130,33.0007959,129.2959758,17.792,245.152,-6.281,1,4929,43,9
131,33.0007954,129.2959808,17.792,245.002,-4.981,1,4929,43,9
132,33.0007952,129.2959858,17.792,244.952,-3.681,1,4929,43,9
133,33.0007955,129.2959908,17.792,245.052,-2.381,1,4929,43,9
134,33.0007959,129.2959958,17.792,245.152,-1.081,1,4929,43,9
135,33.0007967,129.3000008,17.792,245.402,0.219,1,4929,44,0
136,33.0007981,129.3000059,17.792,245.852,1.519,1,4929,44,0
137,33.0007999,129.3000109,17.792,246.402,2.819,1,4929,44,0
138,33.0008023,129.3000159,17.792,247.152,4.119,1,4929,44,0
139,33.0008056,129.3000205,17.792,248.152,5.319,1,4929,44,0
140,33.0008096,129.3000251,17.792,249.402,6.519,1,4929,44,0
141,33.0008142,129.3000286,17.792,250.802,7.419,1,4929,44,0
142,33.0008192,129.3000321,17.792,252.352,8.319,1,4929,44,0
143,33.0008243,129.300034,17.792,253.902,8.819,1,4929,44,0
144,33.0008293,129.3000353,17.792,255.452,9.169,1,4929,44,0
145,33.0008343,129.3000359,17.792,257.002,9.319,1,4929,44,0
146,33.0008394,129.3000357,17.792,258.552,9.269,1,4929,44,0
147,33.0008444,129.3000349,17.792,260.102,9.069,1,4929,44,0
148,33.0008494,129.3000334,17.792,261.652,8.669,1,4929,44,0
149,33.0008544,129.3000315,17.792,263.202,8.169,1,4929,44,0
150,33.0008595,129.300029,17.792,264.752,7.519,1,4929,44,0
151,33.0008642,129.3000255,17.792,266.202,6.619,1,4929,44,0
152,33.0008679,129.3000215,17.792,267.352,5.569,1,4929,44,0
153,33.000872,129.3000153,17.792,268.602,3.969,1,4929,44,0
154,33.0007988,129.2959511,17.792,246.052,-12.681,1,4929,43,9
155,33.0007972,129.2959565,17.792,245.552,-11.281,1,4929,43,9
156,33.0007959,129.2959619,17.792,245.152,-9.881,1,4929,43,9
157,33.0007942,129.2959673,17.792,244.652,-8.481,1,4929,43,9
158,33.0007923,129.2959727,17.792,244.052,-7.081,1,4929,43,9
159,33.00079,129.2959781,17.792,243.352,-5.681,1,4929,43,9
160,33.0007866,129.295985,17.792,242.302,-3.881,1,4929,43,9
161,33.0007845,129.2959891,17.792,241.652,-2.831,1,4929,43,9
162,33.0007816,129.2959947,17.792,240.752,-1.381,1,4929,43,9
163,33.0007783,129.3000003,17.792,239.752,0.069,1,4929,44,0
164,33.0007748,129.3000059,17.792,238.652,1.519,1,4929,44,0
165,33.000771,129.3000114,17.792,237.502,2.969,1,4929,44,0
166,33.0007671,129.300017,17.792,236.302,4.419,1,4929,44,0
167,33.0007632,129.3000226,17.792,235.102,5.869,1,4929,44,0
168,33.0007593,129.3000282,17.792,233.902,7.319,1,4929,44,0
169,33.0007554,129.3000338,17.792,232.702,8.769,1,4929,44,0
170,33.0007515,129.3000394,17.792,231.502,10.219,1,4929,44,0
171,33.0007476,129.300045,17.792,230.302,11.669,1,4929,44,0
172,33.0007437,129.3000505,17.792,229.102,13.119,1,4929,44,0
173,33.0007399,129.3000561,17.792,227.902,14.569,1,4929,44,0
174,33.000736,129.3000617,17.792,226.702,16.019,1,4929,44,0
175,33.0007321,129.3000673,17.792,225.502,17.469,1,4929,44,0
176,33.0007282,129.3000729,17.792,224.302,18.919,1,4929,44,0
177,33.0007243,129.3000785,17.792,223.102,20.369,1,4929,44,0
178,33.0007204,129.3000841,17.792,221.902,21.819,1,4929,44,0
179,33.0007165,129.3000891,17.792,220.702,23.119,1,4929,44,0
180,33.0007126,129.3000943,17.792,219.502,24.469,1,4929,44,0
181,33.0007087,129.3000995,17.792,218.302,25.819,1,4929,44,0
182,33.0007048,129.3001045,17.792,217.102,27.119,1,4929,44,0
183,33.0007009,129.3001093,17.792,215.902,28.369,1,4929,44,0
184,33.000697,129.3001143,17.792,214.702,29.669,1,4929,44,0
185,33.0006931,129.3001187,17.792,213.502,30.819,1,4929,44,0
186,33.0006892,129.3001232,17.792,212.302,31.969,1,4929,44,0
187,33.0006853,129.3001276,17.792,211.102,33.119,1,4929,44,0
188,33.0006814,129.300132,17.792,209.902,34.269,1,4929,44,0
189,33.0006775,129.3001365,17.792,208.702,35.419,1,4929,44,0
190,33.0006736,129.3001407,17.792,207.502,36.519,1,4929,44,0
191,33.0006697,129.3001447,17.792,206.302,37.569,1,4929,44,0
192,33.0006658,129.3001488,17.792,205.102,38.619,1,4929,44,0
193,33.0006619,129.3001528,17.792,203.902,39.669,1,4929,44,0
194,33.000658,129.3001569,17.792,202.702,40.719,1,4929,44,0
195,33.0006541,129.3001605,17.792,201.502,41.669,1,4929,44,0
196,33.0006503,129.3001642,17.792,200.302,42.619,1,4929,44,0
197,33.0006464,129.3001679,17.792,199.102,43.569,1,4929,44,0
198,33.0006425,129.3001715,17.792,197.902,44.519,1,4929,44,0
199,33.0006386,129.3001752,17.792,196.702,45.469,1,4929,44,0
200,33.0006347,129.3001786,17.792,195.502,46.369,1,4929,44,0
201,33.0006308,129.3001821,17.792,194.302,47.269,1,4929,44,0
202,33.0006269,129.3001852,17.792,193.102,48.069,1,4929,44,0
203,33.0006228,129.3001889,17.792,191.852,49.019,1,4929,44,0
204,33.0006188,129.3001925,17.792,190.602,49.969,1,4929,44,0
205,33.0006147,129.3001962,17.792,189.352,50.919,1,4929,44,0
206,33.0006106,129.3001998,17.792,188.102,51.869,1,4929,44,0
207,33.0006066,129.3002035,17.792,186.852,52.819,1,4929,44,0
208,33.0006025,129.3002072,17.792,185.602,53.769,1,4929,44,0
209,33.0005985,129.3002108,17.792,184.352,54.719,1,4929,44,0
210,33.0005944,129.3002145,17.792,183.102,55.669,1,4929,44,0
211,33.0005904,129.3002181,17.792,181.852,56.619,1,4929,44,0
212,33.0005863,129.300222,17.792,180.602,57.619,1,4929,44,0
213,33.0005822,129.3002258,17.792,179.352,58.619,1,4929,44,0
214,33.0005782,129.3002301,17.792,178.102,59.719,1,4929,44,0
215,33.0005741,129.3002343,17.792,176.852,60.819,1,4929,44,0
216,33.0005701,129.3002384,17.792,175.602,61.869,1,4929,44,0
217,33.000566,129.3002422,17.792,174.352,62.869,1,4929,44,0
218,33.000562,129.3002461,17.792,173.102,63.869,1,4929,44,0
219,33.0005579,129.3002499,17.792,171.852,64.869,1,4929,44,0
220,33.0005538,129.3002538,17.792,170.602,65.869,1,4929,44,0
221,33.0005498,129.3002576,17.792,169.352,66.869,1,4929,44,0
222,33.0005457,129.3002615,17.792,168.102,67.869,1,4929,44,0
223,33.0005417,129.3002653,17.792,166.852,68.869,1,4929,44,0
224,33.0005376,129.3002692,17.792,165.602,69.869,1,4929,44,0
225,33.0005335,129.300273,17.792,164.352,70.869,1,4929,44,0
226,33.0005295,129.3002769,17.792,163.102,71.869,1,4929,44,0
227,33.0005254,129.3002807,17.792,161.852,72.869,1,4929,44,0
228,33.0005214,129.3002846,17.792,160.602,73.869,1,4929,44,0
229,33.0005173,129.3002884,17.792,159.352,74.869,1,4929,44,0
230,33.0005133,129.3002923,17.792,158.102,75.869,1,4929,44,0
231,33.0005092,129.3002965,17.792,156.852,76.969,1,4929,44,0
232,33.0005051,129.3003006,17.792,155.602,78.019,1,4929,44,0
233,33.0005011,129.3003046,17.792,154.352,79.069,1,4929,44,0
234,33.000497,129.3003083,17.792,153.102,80.019,1,4929,44,0
235,33.000493,129.3003119,17.792,151.852,80.969,1,4929,44,0
236,33.0004889,129.3003156,17.792,150.602,81.919,1,4929,44,0
237,33.0004848,129.3003193,17.792,149.352,82.869,1,4929,44,0
238,33.0004808,129.3003235,17.792,148.102,83.969,1,4929,44,0
239,33.0004767,129.3003275,17.792,146.852,85.019,1,4929,44,0
240,33.0004727,129.3003316,17.792,145.602,86.069,1,4929,44,0
241,33.0004686,129.3003356,17.792,144.352,87.119,1,4929,44,0
242,33.0004646,129.3003393,17.792,143.102,88.069,1,4929,44,0
243,33.0004605,129.3003432,17.792,141.852,89.069,1,4929,44,0
244,33.0004564,129.300347,17.792,140.602,90.069,1,4929,44,0
245,33.0004524,129.3003509,17.792,139.352,91.069,1,4929,44,0
246,33.0004483,129.3003547,17.792,138.102,92.069,1,4929,44,0
247,33.0004443,129.3003586,17.792,136.852,93.069,1,4929,44,0
248,33.0004402,129.3003624,17.792,135.602,94.069,1,4929,44,0
249,33.0004362,129.3003663,17.792,134.352,95.069,1,4929,44,0
250,33.0004321,129.3003701,17.792,133.102,96.069,1,4929,44,0
251,33.000428,129.300374,17.792,131.852,97.069,1,4929,44,0
252,33.000424,129.3003778,17.792,130.602,98.069,1,4929,44,0
253,33.0004199,129.3003817,17.792,129.352,99.069,1,4929,44,0
254,33.0004159,129.3003855,17.792,128.102,100.069,1,4929,44,0
255,33.0004118,129.3003894,17.792,126.852,101.069,1,4929,44,0
256,33.0004077,129.3003932,17.792,125.602,102.069,1,4929,44,0
257,33.0004037,129.3003971,17.792,124.352,103.069,1,4929,44,0
258,33.0003996,129.3004009,17.792,123.102,104.069,1,4929,44,0
259,33.0003956,129.3004048,17.792,121.852,105.069,1,4929,44,0
260,33.0003915,129.3004086,17.792,120.602,106.069,1,4929,44,0
261,33.0003875,129.3004125,17.792,119.352,107.069,1,4929,44,0
262,33.0003834,129.3004163,17.792,118.102,108.069,1,4929,44,0
263,33.0003793,129.3004202,17.792,116.852,109.069,1,4929,44,0
264,33.0003753,129.3004241,17.792,115.602,110.069,1,4929,44,0
265,33.0003712,129.3004279,17.792,114.352,111.069,1,4929,44,0
266,33.0003672,129.3004318,17.792,113.102,112.069,1,4929,44,0
267,33.0003631,129.3004356,17.792,111.852,113.069,1,4929,44,0
268,33.0003591,129.3004395,17.792,110.602,114.069,1,4929,44,0
269,33.000355,129.3004433,17.792,109.352,115.069,1,4929,44,0
270,33.0003509,129.3004472,17.792,108.102,116.069,1,4929,44,0
271,33.0003469,129.300451,17.792,106.852,117.069,1,4929,44,0
272,33.0003428,129.3004549,17.792,105.602,118.069,1,4929,44,0
273,33.0003388,129.3004587,17.792,104.352,119.069,1,4929,44,0
274,33.0003347,129.3004626,17.792,103.102,120.069,1,4929,44,0
275,33.0003306,129.3004664,17.792,101.852,121.069,1,4929,44,0
276,33.0003266,129.3004703,17.792,100.602,122.069,1,4929,44,0
277,33.0003225,129.3004741,17.792,99.352,123.069,1,4929,44,0
278,33.0003185,129.300478,17.792,98.102,124.069,1,4929,44,0
279,33.0003144,129.3004818,17.792,96.852,125.069,1,4929,44,0
280,33.0003104,129.3004857,17.792,95.602,126.069,1,4929,44,0
281,33.0003063,129.3004895,17.792,94.352,127.069,1,4929,44,0
282,33.0003022,129.3004934,17.792,93.102,128.069,1,4929,44,0
283,33.0002982,129.3004973,17.792,91.852,129.069,1,4929,44,0
284,33.0002941,129.3005011,17.792,90.602,130.069,1,4929,44,0
285,33.0002901,129.3005053,17.792,89.352,131.169,1,4929,44,0
286,33.000286,129.3005094,17.792,88.102,132.219,1,4929,44,0
287,33.000282,129.3005136,17.792,86.852,133.319,1,4929,44,0
288,33.0002779,129.3005177,17.792,85.602,134.369,1,4929,44,0
289,33.0002738,129.3005219,17.792,84.352,135.469,1,4929,44,0
290,33.0002698,129.3005263,17.792,83.102,136.619,1,4929,44,0
291,33.0002657,129.300531,17.792,81.852,137.819,1,4929,44,0
292,33.0002617,129.3005352,17.792,80.602,138.919,1,4929,44,0
293,33.000273,129.3005211,17.792,84.102,135.269,1,4929,44,0
294,33.000268,129.300525,17.792,82.552,136.269,1,4929,44,0
295,33.000263,129.3005294,17.792,81.002,137.419,1,4929,44,0
296,33.0002579,129.3005339,17.792,79.452,138.569,1,4929,44,0
297,33.0002529,129.3005381,17.792,77.902,139.669,1,4929,44,0
298,33.0002479,129.3005421,17.792,76.352,140.719,1,4929,44,0
299,33.0002428,129.300546,17.792,74.802,141.719,1,4929,44,0
300,33.0002378,129.30055,17.792,73.252,142.769,1,4929,44,0
301,33.0002328,129.3005539,17.792,71.702,143.769,1,4929,44,0
302,33.0002277,129.3005574,17.792,70.152,144.669,1,4929,44,0
303,33.0002227,129.300561,17.792,68.602,145.619,1,4929,44,0
304,33.0002177,129.3005645,17.792,67.052,146.519,1,4929,44,0
305,33.0002126,129.3005679,17.792,65.502,147.419,1,4929,44,0
306,33.0002076,129.3005714,17.792,63.952,148.319,1,4929,44,0
307,33.0002026,129.3005749,17.792,62.402,149.219,1,4929,44,0
308,33.0001975,129.3005789,17.792,60.852,150.269,1,4929,44,0
309,33.0001925,129.3005828,17.792,59.302,151.269,1,4929,44,0
310,33.0001875,129.3005868,17.792,57.752,152.319,1,4929,44,0
311,33.0001824,129.3005911,17.792,56.202,153.419,1,4929,44,0
312,33.0001774,129.3005953,17.792,54.652,154.519,1,4929,44,0
313,33.0001724,129.3005999,17.792,53.102,155.719,1,4929,44,0
314,33.0001674,129.3006045,17.792,51.552,156.919,1,4929,44,0
315,33.0001623,129.3006092,17.792,50.002,158.119,1,4929,44,0
316,33.0001573,129.3006136,17.792,48.452,159.269,1,4929,44,0
317,33.0001523,129.300618,17.792,46.902,160.419,1,4929,44,0
318,33.0001472,129.3006223,17.792,45.352,161.519,1,4929,44,0
319,33.0001438,129.3006248,17.792,44.302,162.169,1,4929,44,0
320,33.0001404,129.3006265,17.792,43.252,162.619,1,4929,44,0
321,33.0001363,129.3006282,17.792,42.002,163.069,1,4929,44,0
324,33.0001213,129.3006304,17.792,37.352,163.619,1,4929,44,0
325,33.0001323,129.3006296,17.792,40.752,163.419,1,4929,44,0
326,33.0001281,129.3006304,17.792,39.452,163.619,1,4929,44,0
327,33.0001237,129.3006306,17.792,38.102,163.669,1,4929,44,0
328,33.000119,129.3006304,17.792,36.652,163.619,1,4929,44,0
329,33.0001139,129.3006296,17.792,35.102,163.419,1,4929,44,0
330,33.0001089,129.3006275,17.792,33.552,162.869,1,4929,44,0
331,33.0001039,129.3006246,17.792,32.002,162.119,1,4929,44,0
332,33.0000989,129.3006213,17.792,30.452,161.269,1,4929,44,0
333,33.0000938,129.3006173,17.792,28.902,160.219,1,4929,44,0
334,33.0000888,129.3006126,17.792,27.352,159.019,1,4929,44,0
335,33.0000838,129.3006072,17.792,25.802,157.619,1,4929,44,0
336,33.0000787,129.3006013,17.792,24.252,156.069,1,4929,44,0
337,33.0000737,129.3005953,17.792,22.702,154.519,1,4929,44,0
338,33.0000693,129.3005889,17.792,21.352,152.869,1,4929,44,0
339,33.0000649,129.3005826,17.792,20.002,151.219,1,4929,44,0
340,33.0000605,129.3005762,17.792,18.652,149.569,1,4929,44,0
341,33.0000562,129.3005699,17.792,17.302,147.919,1,4929,44,0
342,33.0000518,129.3005635,17.792,15.952,146.269,1,4929,44,0
343,33.0000474,129.3005572,17.792,14.602,144.619,1,4929,44,0
344,33.0000435,129.3005508,17.792,13.402,142.969,1,4929,44,0
345,33.0000391,129.3005441,17.792,12.052,141.219,1,4929,44,0
346,33.0000349,129.3005373,17.792,10.752,139.469,1,4929,44,0
347,33.0000308,129.3005306,17.792,9.502,137.719,1,4929,44,0
348,33.0000269,129.3005238,17.792,8.302,135.969,1,4929,44,0
349,33.0000231,129.3005171,17.792,7.102,134.219,1,4929,44,0
350,33.0000192,129.3005103,17.792,5.902,132.469,1,4929,44,0
351,33.0000156,129.3005036,17.792,4.802,130.719,1,4929,44,0
352,33.000012,129.3004969,17.792,3.702,128.969,1,4929,44,0
353,33.0000084,129.3004901,17.792,2.602,127.219,1,4929,44,0
354,33.0000049,129.3004834,17.792,1.502,125.469,1,4929,44,0
355,33.0000016,129.3004766,17.792,0.502,123.719,1,4929,44,0
356,32.5959984,129.3004699,17.792,-0.498,121.969,1,4929,34,90
357,32.5959955,129.3004632,17.792,-1.398,120.219,1,4929,34,90
358,32.5959927,129.3004564,17.792,-2.248,118.469,1,4929,34,90
359,32.5959901,129.3004497,17.792,-3.048,116.719,1,4929,34,90
360,32.5959877,129.3004429,17.792,-3.798,114.969,1,4929,34,90
361,32.5959854,129.3004362,17.792,-4.498,113.219,1,4929,34,90
362,32.5959834,129.3004294,17.792,-5.098,111.469,1,4929,34,90
363,32.5959817,129.3004227,17.792,-5.648,109.719,1,4929,34,90
364,32.59598,129.300416,17.792,-6.148,107.969,1,4929,34,90
365,32.5959786,129.3004092,17.792,-6.598,106.219,1,4929,34,90
366,32.5959686,129.3004121,17.792,-9.669,106.976,1,4929,34,90
367,32.5959693,129.300416,17.792,-9.469,107.976,1,4929,34,90
368,32.5959699,129.3004198,17.792,-9.269,108.976,1,4929,34,90
369,32.5959709,129.3004237,17.792,-8.969,109.976,1,4929,34,90
370,32.5959719,129.3004275,17.792,-8.669,110.976,1,4929,34,90
371,32.5959728,129.3004314,17.792,-8.369,111.976,1,4929,34,90
372,32.595974,129.3004352,17.792,-8.019,112.976,1,4929,34,90
373,32.5959751,129.3004391,17.792,-7.669,113.976,1,4929,34,90
374,32.5959764,129.300443,17.792,-7.269,114.976,1,4929,34,90
375,32.5959777,129.3004468,17.792,-6.869,115.976,1,4929,34,90
376,32.5959792,129.3004507,17.792,-6.419,116.976,1,4929,34,90
377,32.5959806,129.3004545,17.792,-5.969,117.976,1,4929,34,90
378,32.5959821,129.3004584,17.792,-5.519,118.976,1,4929,34,90
379,32.5959835,129.3004622,17.792,-5.069,119.976,1,4929,34,90
380,32.5959852,129.3004661,17.792,-4.569,120.976,1,4929,34,90
381,32.5959868,129.3004699,17.792,-4.069,121.976,1,4929,34,90
382,32.5959884,129.3004738,17.792,-3.569,122.976,1,4929,34,90
383,32.5959904,129.3004776,17.792,-2.969,123.976,1,4929,34,90
384,32.5959923,129.3004815,17.792,-2.369,124.976,1,4929,34,90
385,32.5959943,129.3004853,17.792,-1.769,125.976,1,4929,34,90
386,32.5959962,129.3004892,17.792,-1.169,126.976,1,4929,34,90
387,32.5959982,129.300493,17.792,-0.569,127.976,1,4929,34,90
388,33.0000001,129.3004971,17.792,0.031,129.026,1,4929,44,0
389,33.000002,129.3005011,17.792,0.631,130.076,1,4929,44,0
390,33.000004,129.3005052,17.792,1.231,131.126,1,4929,44,0
391,33.0000059,129.3005092,17.792,1.831,132.176,1,4929,44,0
392,33.0000079,129.3005133,17.792,2.431,133.226,1,4929,44,0
393,33.0000102,129.3005173,17.792,3.131,134.276,1,4929,44,0
394,33.0000124,129.3005214,17.792,3.831,135.326,1,4929,44,0
395,33.0000147,129.3005254,17.792,4.531,136.376,1,4929,44,0
396,33.000017,129.3005294,17.792,5.231,137.426,1,4929,44,0
397,33.0000193,129.3005335,17.792,5.931,138.476,1,4929,44,0
398,33.0000215,129.3005375,17.792,6.631,139.526,1,4929,44,0
399,33.0000238,129.3005416,17.792,7.331,140.576,1,4929,44,0
400,33.0000262,129.3005456,17.792,8.081,141.626,1,4929,44,0
401,33.0000287,129.3005497,17.792,8.831,142.676,1,4929,44,0
402,33.0000311,129.3005537,17.792,9.581,143.726,1,4929,44,0
403,33.0000335,129.3005578,17.792,10.331,144.776,1,4929,44,0
404,33.000036,129.3005618,17.792,11.081,145.826,1,4929,44,0
405,33.0000386,129.3005659,17.792,11.881,146.876,1,4929,44,0
406,33.000041,129.3005699,17.792,12.631,147.926,1,4929,44,0
407,33.0000438,129.3005739,17.792,13.481,148.976,1,4929,44,0
408,33.0000465,129.300578,17.792,14.331,150.026,1,4929,44,0
409,33.0000493,129.300582,17.792,15.181,151.076,1,4929,44,0
410,33.000052,129.3005861,17.792,16.031,152.126,1,4929,44,0
411,33.0000548,129.3005901,17.792,16.881,153.176,1,4929,44,0
412,33.0000576,129.3005942,17.792,17.731,154.226,1,4929,44,0
413,33.0000603,129.3005982,17.792,18.581,155.276,1,4929,44,0
414,33.0000631,129.3006023,17.792,19.431,156.326,1,4929,44,0
415,33.0000658,129.3006063,17.792,20.281,157.376,1,4929,44,0
416,33.0000686,129.3006104,17.792,21.131,158.426,1,4929,44,0
417,33.0000717,129.3006144,17.792,22.081,159.476,1,4929,44,0
418,33.0000744,129.3006184,17.792,22.931,160.526,1,4929,44,0
419,33.0000772,129.3006225,17.792,23.781,161.576,1,4929,44,0
420,33.0000801,129.3006265,17.792,24.681,162.626,1,4929,44,0
421,33.0000829,129.3006306,17.792,25.531,163.676,1,4929,44,0
422,33.000086,129.3006346,17.792,26.481,164.726,1,4929,44,0
423,33.0000897,129.3006387,17.792,27.631,165.776,1,4929,44,0
424,33.0000936,129.3006427,17.792,28.831,166.826,1,4929,44,0
425,33.0000986,129.3006468,17.792,30.381,167.876,1,4929,44,0
426,33.0001038,129.3006502,17.792,31.981,168.776,1,4929,44,0
427,33.000109,129.3006531,17.792,33.581,169.526,1,4929,44,0
428,33.0001142,129.300655,17.792,35.181,170.026,1,4929,44,0
429,33.0001194,129.300657,17.792,36.781,170.526,1,4929,44,0
430,33.0001246,129.3006579,17.792,38.381,170.776,1,4929,44,0
431,33.0001298,129.3006585,17.792,39.981,170.926,1,4929,44,0
432,33.000135,129.3006587,17.792,41.581,170.976,1,4929,44,0
433,33.0001402,129.3006579,17.792,43.181,170.776,1,4929,44,0
434,33.0001454,129.3006566,17.792,44.781,170.426,1,4929,44,0
435,33.0001506,129.300655,17.792,46.381,170.026,1,4929,44,0
436,33.0001558,129.3006525,17.792,47.981,169.376,1,4929,44,0
437,33.000161,129.3006495,17.792,49.581,168.576,1,4929,44,0
438,33.0001661,129.3006456,17.792,51.181,167.576,1,4929,44,0
439,33.0001713,129.3006412,17.792,52.781,166.426,1,4929,44,0
440,33.0001765,129.3006367,17.792,54.381,165.276,1,4929,44,0
441,33.0001817,129.3006323,17.792,55.981,164.126,1,4929,44,0
442,33.0001869,129.3006279,17.792,57.581,162.976,1,4929,44,0
443,33.0001921,129.3006231,17.792,59.181,161.726,1,4929,44,0
444,33.0001973,129.3006179,17.792,60.781,160.376,1,4929,44,0
445,33.0002025,129.3006127,17.792,62.381,159.026,1,4929,44,0
446,33.0002077,129.3006075,17.792,63.981,157.676,1,4929,44,0
447,33.0002576,129.3005394,17.792,79.352,140.019,1,4929,44,0
448,33.0002535,129.3005437,17.792,78.102,141.119,1,4929,44,0
449,33.0002495,129.3005479,17.792,76.852,142.219,1,4929,44,0
450,33.0002454,129.300552,17.792,75.602,143.269,1,4929,44,0
451,33.0002414,129.300556,17.792,74.352,144.319,1,4929,44,0
452,33.0002373,129.3005602,17.792,73.102,145.419,1,4929,44,0
453,33.0002333,129.3005643,17.792,71.852,146.469,1,4929,44,0
454,33.0002292,129.3005683,17.792,70.602,147.519,1,4929,44,0
455,33.0002251,129.3005724,17.792,69.352,148.569,1,4929,44,0
456,33.0002211,129.3005764,17.792,68.102,149.619,1,4929,44,0
457,33.000217,129.3005803,17.792,66.852,150.619,1,4929,44,0
458,33.000213,129.3005841,17.792,65.602,151.619,1,4929,44,0
459,33.0002089,129.3005878,17.792,64.352,152.569,1,4929,44,0
460,33.0002048,129.3005918,17.792,63.102,153.619,1,4929,44,0
461,33.0002008,129.3005955,17.792,61.852,154.569,1,4929,44,0
462,33.0001967,129.3005993,17.792,60.602,155.569,1,4929,44,0
463,33.0001927,129.3006032,17.792,59.352,156.569,1,4929,44,0
464,33.0001886,129.3006071,17.792,58.102,157.569,1,4929,44,0
465,33.0001846,129.3006109,17.792,56.852,158.569,1,4929,44,0
466,33.0001805,129.3006148,17.792,55.602,159.569,1,4929,44,0
467,33.0001764,129.3006184,17.792,54.352,160.519,1,4929,44,0
468,33.0001724,129.3006221,17.792,53.102,161.469,1,4929,44,0
469,33.0001683,129.3006257,17.792,51.852,162.419,1,4929,44,0
470,33.0001643,129.3006294,17.792,50.602,163.369,1,4929,44,0
471,33.0001602,129.3006334,17.792,49.352,164.419,1,4929,44,0
472,33.0001562,129.3006373,17.792,48.102,165.419,1,4929,44,0
473,33.0001531,129.3006402,17.792,47.152,166.169,1,4929,44,0
474,33.0001475,129.3006471,17.792,45.452,167.969,1,4929,44,0
475,33.0001437,129.3006529,17.792,44.252,169.469,1,4929,44,0
476,33.0001406,129.3006585,17.792,43.302,170.919,1,4929,44,0
477,33.0001385,129.3006641,17.792,42.652,172.369,1,4929,44,0
478,33.0001367,129.3006697,17.792,42.102,173.819,1,4929,44,0
479,33.0001355,129.3006754,17.792,41.752,175.319,1,4929,44,0
480,33.0001347,129.3006812,17.792,41.502,176.819,1,4929,44,0
481,33.0001346,129.300687,17.792,41.452,178.319,1,4929,44,0
482,33.000135,129.3006928,17.792,41.602,179.819,1,4929,44,0
483,33.0001359,129.3006985,17.792,41.852,181.319,1,4929,44,0
484,33.0001372,129.3007043,17.792,42.252,182.819,1,4929,44,0
485,33.0001389,129.3007101,17.792,42.802,184.319,1,4929,44,0
486,33.0001412,129.3007159,17.792,43.502,185.819,1,4929,44,0
487,33.0001437,129.3007217,17.792,44.252,187.319,1,4929,44,0
488,33.0001461,129.3007274,17.792,45.002,188.819,1,4929,44,0
489,33.0001485,129.3007332,17.792,45.752,190.319,1,4929,44,0
490,33.000151,129.300739,17.792,46.502,191.819,1,4929,44,0
491,33.0001534,129.3007448,17.792,47.252,193.319,1,4929,44,0
492,33.0001558,129.3007506,17.792,48.002,194.819,1,4929,44,0
493,33.0001581,129.3007563,17.792,48.702,196.319,1,4929,44,0
494,33.000148,129.3006444,17.792,45.602,167.269,1,4929,44,0
495,33.0001425,129.300649,17.792,43.902,168.469,1,4929,44,0
496,33.000137,129.3006539,17.792,42.202,169.719,1,4929,44,0
497,33.0001315,129.3006587,17.792,40.502,170.969,1,4929,44,0
498,33.000126,129.3006635,17.792,38.802,172.219,1,4929,44,0
499,33.0001204,129.3006683,17.792,37.102,173.469,1,4929,44,0
500,33.0001149,129.3006733,17.792,35.402,174.769,1,4929,44,0
501,33.0001094,129.3006781,17.792,33.702,176.019,1,4929,44,0
502,33.0001039,129.3006829,17.792,32.002,177.269,1,4929,44,0
503,33.0000984,129.3006881,17.792,30.302,178.619,1,4929,44,0
504,33.0000928,129.3006932,17.792,28.602,179.919,1,4929,44,0
505,33.0000873,129.3006982,17.792,26.902,181.219,1,4929,44,0
506,33.0000818,129.3007032,17.792,25.202,182.519,1,4929,44,0
507,33.0000763,129.3007086,17.792,23.502,183.919,1,4929,44,0
508,33.0000708,129.300714,17.792,21.802,185.319,1,4929,44,0
509,33.0000653,129.3007188,17.792,20.102,186.569,1,4929,44,0
510,33.0000597,129.300724,17.792,18.402,187.919,1,4929,44,0
511,33.0000542,129.3007292,17.792,16.702,189.269,1,4929,44,0
512,33.0000487,129.3007346,17.792,15.002,190.669,1,4929,44,0
513,33.0000432,129.30074,17.792,13.302,192.069,1,4929,44,0
514,33.0000377,129.3007454,17.792,11.602,193.469,1,4929,44,0
515,33.0000321,129.3007507,17.792,9.902,194.869,1,4929,44,0
516,33.0000266,129.3007561,17.792,8.202,196.269,1,4929,44,0
517,33.0000211,129.3007613,17.792,6.502,197.619,1,4929,44,0
518,33.0000156,129.3007667,17.792,4.802,199.019,1,4929,44,0
519,33.0000101,129.3007721,17.792,3.102,200.419,1,4929,44,0
520,33.0000045,129.3007773,17.792,1.402,201.769,1,4929,44,0
521,32.595999,129.3007827,17.792,-0.298,203.169,1,4929,34,90
522,32.5959935,129.3007879,17.792,-1.998,204.519,1,4929,34,90
523,32.595988,129.3007931,17.792,-3.698,205.869,1,4929,34,90
524,32.5959825,129.3007985,17.792,-5.398,207.269,1,4929,34,90
525,32.595977,129.3008037,17.792,-7.098,208.619,1,4929,34,90
526,32.5959714,129.3008089,17.792,-8.798,209.969,1,4929,34,90
527,32.5959659,129.3008141,17.792,-10.498,211.319,1,4929,34,90
528,32.5959604,129.3008193,17.792,-12.198,212.669,1,4929,34,90
529,32.5959549,129.3008245,17.792,-13.898,214.019,1,4929,34,90
530,32.5959494,129.3008297,17.792,-15.598,215.369,1,4929,34,90
531,32.5959438,129.3008349,17.792,-17.298,216.719,1,4929,34,90
532,32.5959383,129.3008401,17.792,-18.998,218.069,1,4929,34,90
533,32.5959328,129.3008453,17.792,-20.698,219.419,1,4929,34,90
534,32.5959273,129.3008505,17.792,-22.398,220.769,1,4929,34,90
535,32.5959218,129.3008557,17.792,-24.098,222.119,1,4929,34,90
536,32.5959162,129.3008609,17.792,-25.798,223.469,1,4929,34,90
537,32.5959107,129.3008665,17.792,-27.498,224.919,1,4929,34,90
538,32.5959052,129.3008717,17.792,-29.198,226.269,1,4929,34,90
539,32.5958997,129.3008769,17.792,-30.898,227.619,1,4929,34,90
540,32.5958942,129.3008821,17.792,-32.598,228.969,1,4929,34,90
541,32.5958886,129.3008873,17.792,-34.298,230.319,1,4929,34,90
542,32.595899,129.3008913,17.792,-31.099,231.36,1,4929,34,90
543,32.5959026,129.3008882,17.792,-29.999,230.56,1,4929,34,90
544,32.5959055,129.3008852,17.792,-29.099,229.76,1,4929,34,90
545,32.5959084,129.3008825,17.792,-28.199,229.06,1,4929,34,90
546,32.5959114,129.3008798,17.792,-27.299,228.36,1,4929,34,90
547,32.5959143,129.3008771,17.792,-26.399,227.66,1,4929,34,90
548,32.5959172,129.3008744,17.792,-25.499,226.96,1,4929,34,90
549,32.5959201,129.3008717,17.792,-24.599,226.26,1,4929,34,90
550,32.5959231,129.300869,17.792,-23.699,225.56,1,4929,34,90
551,32.595926,129.3008663,17.792,-22.799,224.86,1,4929,34,90
552,32.5959289,129.3008636,17.792,-21.899,224.16,1,4929,34,90
553,32.5959318,129.3008609,17.792,-20.999,223.46,1,4929,34,90
554,32.5959347,129.3008578,17.792,-20.099,222.66,1,4929,34,90
555,32.5959377,129.3008547,17.792,-19.199,221.86,1,4929,34,90
556,32.5959406,129.3008516,17.792,-18.299,221.06,1,4929,34,90
557,32.5959435,129.300849,17.792,-17.399,220.36,1,4929,34,90
558,32.5959464,129.3008463,17.792,-16.499,219.66,1,4929,34,90
559,32.5959494,129.3008436,17.792,-15.599,218.96,1,4929,34,90
560,32.5959523,129.3008409,17.792,-14.699,218.26,1,4929,34,90
561,32.5959552,129.3008382,17.792,-13.799,217.56,1,4929,34,90
562,32.5959581,129.3008355,17.792,-12.899,216.86,1,4929,34,90
563,32.595961,129.3008328,17.792,-11.999,216.16,1,4929,34,90
564,32.595964,129.3008301,17.792,-11.099,215.46,1,4929,34,90
565,32.5959669,129.3008274,17.792,-10.199,214.76,1,4929,34,90
566,32.5959698,129.3008247,17.792,-9.299,214.06,1,4929,34,90
567,32.5959727,129.300822,17.792,-8.399,213.36,1,4929,34,90
568,32.5959756,129.3008193,17.792,-7.499,212.66,1,4929,34,90
569,32.5959786,129.3008168,17.792,-6.599,212.01,1,4929,34,90
570,32.5959815,129.3008143,17.792,-5.699,211.36,1,4929,34,90
571,32.5959844,129.3008116,17.792,-4.799,210.66,1,4929,34,90
572,32.5959873,129.3008089,17.792,-3.899,209.96,1,4929,34,90
573,32.5959903,129.3008062,17.792,-2.999,209.26,1,4929,34,90
574,32.5959932,129.3008035,17.792,-2.099,208.56,1,4929,34,90
575,32.5959961,129.3008008,17.792,-1.199,207.86,1,4929,34,90
576,32.595999,129.3007981,17.792,-0.299,207.16,1,4929,34,90
577,33.0000019,129.3007954,17.792,0.601,206.46,1,4929,44,0
578,33.0000049,129.3007927,17.792,1.501,205.76,1,4929,44,0
579,33.0000078,129.30079,17.792,2.401,205.06,1,4929,44,0
580,33.0000107,129.3007873,17.792,3.301,204.36,1,4929,44,0
581,33.0000136,129.3007848,17.792,4.201,203.71,1,4929,44,0
582,33.0000166,129.3007823,17.792,5.101,203.06,1,4929,44,0
583,33.0000195,129.3007796,17.792,6.001,202.36,1,4929,44,0
584,33.0000224,129.3007769,17.792,6.901,201.66,1,4929,44,0
585,33.0000253,129.3007742,17.792,7.801,200.96,1,4929,44,0
586,33.0000282,129.3007715,17.792,8.701,200.26,1,4929,44,0
587,33.0000312,129.3007688,17.792,9.601,199.56,1,4929,44,0
588,33.0000341,129.3007661,17.792,10.501,198.86,1,4929,44,0
589,33.000037,129.3007634,17.792,11.401,198.16,1,4929,44,0
590,33.0000399,129.3007607,17.792,12.301,197.46,1,4929,44,0
591,33.0000428,129.300758,17.792,13.201,196.76,1,4929,44,0
592,33.0000458,129.3007553,17.792,14.101,196.06,1,4929,44,0
593,33.0000487,129.3007526,17.792,15.001,195.36,1,4929,44,0
594,33.0000516,129.3007499,17.792,15.901,194.66,1,4929,44,0
595,33.0000545,129.3007471,17.792,16.801,193.91,1,4929,44,0
596,33.0000575,129.3007442,17.792,17.701,193.16,1,4929,44,0
597,33.0000604,129.3007413,17.792,18.601,192.41,1,4929,44,0
598,33.0000633,129.3007384,17.792,19.501,191.66,1,4929,44,0
599,33.0000662,129.3007355,17.792,20.401,190.91,1,4929,44,0
600,33.0000691,129.3007326,17.792,21.301,190.16,1,4929,44,0
601,33.0000721,129.3007297,17.792,22.201,189.41,1,4929,44,0
602,33.000075,129.3007272,17.792,23.101,188.76,1,4929,44,0
603,33.0000779,129.3007243,17.792,24.001,188.01,1,4929,44,0
604,33.0000808,129.3007214,17.792,24.901,187.26,1,4929,44,0
605,33.0000838,129.3007184,17.792,25.801,186.46,1,4929,44,0
606,33.0000867,129.3007151,17.792,26.701,185.61,1,4929,44,0
607,33.0000896,129.3007114,17.792,27.601,184.66,1,4929,44,0
608,33.0000925,129.3007074,17.792,28.501,183.61,1,4929,44,0
609,33.0000954,129.3007026,17.792,29.401,182.36,1,4929,44,0
610,33.0000984,129.3006977,17.792,30.301,181.11,1,4929,44,0
611,33.0001005,129.3006927,17.792,30.951,179.81,1,4929,44,0
612,33.0001026,129.3006877,17.792,31.601,178.51,1,4929,44,0
613,33.0001039,129.3006827,17.792,32.001,177.21,1,4929,44,0
614,33.000105,129.3006777,17.792,32.351,175.91,1,4929,44,0
615,33.0001058,129.3006727,17.792,32.601,174.61,1,4929,44,0
616,33.0001062,129.3006677,17.792,32.701,173.31,1,4929,44,0
617,33.0001062,129.3006627,17.792,32.701,172.01,1,4929,44,0
618,33.0001058,129.3006577,17.792,32.601,170.71,1,4929,44,0
619,33.0001052,129.3006527,17.792,32.401,169.41,1,4929,44,0
620,33.0001039,129.3006477,17.792,32.001,168.11,1,4929,44,0
621,33.0001024,129.3006427,17.792,31.551,166.81,1,4929,44,0
622,33.0001006,129.3006376,17.792,31.001,165.51,1,4929,44,0
623,33.0000984,129.3006326,17.792,30.301,164.21,1,4929,44,0
624,33.0000953,129.3006276,17.792,29.351,162.91,1,4929,44,0
625,33.000092,129.3006226,17.792,28.351,161.61,1,4929,44,0
626,33.0000888,129.3006176,17.792,27.351,160.31,1,4929,44,0
627,33.0000855,129.3006126,17.792,26.351,159.01,1,4929,44,0
628,33.0000823,129.3006076,17.792,25.351,157.71,1,4929,44,0
629,33.0000782,129.300602,17.792,24.101,156.26,1,4929,44,0
631,33.0000874,129.3006394,17.792,26.931,165.976,1,4929,44,0
632,33.0000889,129.3006443,17.792,27.381,167.226,1,4929,44,0
633,33.00009,129.3006491,17.792,27.731,168.476,1,4929,44,0
634,33.0000905,129.3006539,17.792,27.881,169.726,1,4929,44,0
635,33.0000908,129.3006587,17.792,27.981,170.976,1,4929,44,0
636,33.0000907,129.3006635,17.792,27.931,172.226,1,4929,44,0
637,33.0000902,129.3006683,17.792,27.781,173.476,1,4929,44,0
638,33.0000894,129.300673,17.792,27.531,174.676,1,4929,44,0
639,33.0000882,129.3006776,17.792,27.181,175.876,1,4929,44,0
640,33.0000868,129.3006822,17.792,26.731,177.076,1,4929,44,0
641,33.000085,129.3006868,17.792,26.181,178.276,1,4929,44,0
642,33.0000829,129.3006914,17.792,25.531,179.476,1,4929,44,0
643,33.0000803,129.3006961,17.792,24.731,180.676,1,4929,44,0
644,33.0000775,129.3007007,17.792,23.881,181.876,1,4929,44,0
645,33.0000743,129.3007053,17.792,22.881,183.076,1,4929,44,0
646,33.0000709,129.3007099,17.792,21.831,184.276,1,4929,44,0
647,33.0000671,129.3007146,17.792,20.681,185.476,1,4929,44,0
648,33.0000634,129.3007192,17.792,19.531,186.676,1,4929,44,0
649,33.0000894,129.3006396,17.792,27.531,166.026,1,4929,44,0
650,33.0000929,129.3006446,17.792,28.631,167.326,1,4929,44,0
651,33.0000964,129.3006496,17.792,29.681,168.626,1,4929,44,0
652,33.0000996,129.3006547,17.792,30.681,169.926,1,4929,44,0
653,33.000103,129.3006593,17.792,31.731,171.126,1,4929,44,0
654,33.0001059,129.3006639,17.792,32.631,172.326,1,4929,44,0
655,33.000109,129.3006687,17.792,33.581,173.576,1,4929,44,0
656,33.0001121,129.3006735,17.792,34.531,174.826,1,4929,44,0
657,33.0001153,129.3006783,17.792,35.531,176.076,1,4929,44,0
658,33.0001186,129.3006832,17.792,36.531,177.326,1,4929,44,0
659,33.0001215,129.300688,17.792,37.431,178.576,1,4929,44,0
660,33.0001249,129.300693,17.792,38.481,179.876,1,4929,44,0
661,33.0001278,129.300698,17.792,39.381,181.176,1,4929,44,0
662,33.0001308,129.3007032,17.792,40.281,182.526,1,4929,44,0
663,33.0001343,129.3007086,17.792,41.381,183.926,1,4929,44,0
664,33.0001373,129.3007136,17.792,42.281,185.226,1,4929,44,0
665,33.0001402,129.3007186,17.792,43.181,186.526,1,4929,44,0
666,33.0001431,129.300724,17.792,44.081,187.926,1,4929,44,0
667,33.000146,129.3007296,17.792,44.981,189.376,1,4929,44,0
668,33.0001489,129.3007352,17.792,45.881,190.826,1,4929,44,0
669,33.0001597,129.3007625,17.792,49.202,197.919,1,4929,44,0
670,33.0001605,129.3007687,17.792,49.452,199.519,1,4929,44,0
671,33.000161,129.3007748,17.792,49.602,201.119,1,4929,44,0
672,33.0001615,129.300781,17.792,49.752,202.719,1,4929,44,0
673,33.0001615,129.3007874,17.792,49.752,204.369,1,4929,44,0
674,33.0000041,129.300795,17.792,1.251,206.36,1,4929,44,0
675,33.0000091,129.3007923,17.792,2.801,205.66,1,4929,44,0
676,33.0000141,129.300789,17.792,4.351,204.81,1,4929,44,0
677,33.0000193,129.3007858,17.792,5.951,203.96,1,4929,44,0
678,33.0000245,129.3007825,17.792,7.551,203.11,1,4929,44,0
679,33.0000297,129.300779,17.792,9.151,202.21,1,4929,44,0
680,33.0000349,129.3007758,17.792,10.751,201.36,1,4929,44,0
681,33.0000401,129.3007721,17.792,12.351,200.41,1,4929,44,0
682,33.0000453,129.3007684,17.792,13.951,199.46,1,4929,44,0
683,33.0000505,129.3007646,17.792,15.551,198.46,1,4929,44,0
684,33.0000558,129.3007603,17.792,17.201,197.36,1,4929,44,0
685,33.0000612,129.3007553,17.792,18.851,196.06,1,4929,44,0
686,33.0000665,129.3007505,17.792,20.501,194.81,1,4929,44,0
687,33.0000719,129.3007457,17.792,22.151,193.56,1,4929,44,0
688,33.0000773,129.3007403,17.792,23.801,192.16,1,4929,44,0
689,33.0000826,129.3007349,17.792,25.451,190.76,1,4929,44,0
690,33.000088,129.3007297,17.792,27.101,189.41,1,4929,44,0
691,33.0000933,129.3007245,17.792,28.751,188.06,1,4929,44,0
692,33.0000987,129.3007193,17.792,30.401,186.71,1,4929,44,0
693,33.000104,129.3007137,17.792,32.051,185.26,1,4929,44,0
694,33.0001094,129.300708,17.792,33.701,183.76,1,4929,44,0
695,33.0001148,129.3007018,17.792,35.351,182.16,1,4929,44,0
696,33.0001201,129.3006954,17.792,37.001,180.51,1,4929,44,0
697,33.0001256,129.3006891,17.792,38.701,178.86,1,4929,44,0
698,33.000131,129.3006827,17.792,40.351,177.21,1,4929,44,0
699,33.0001363,129.3006767,17.792,42.001,175.66,1,4929,44,0
700,33.0001417,129.3006708,17.792,43.651,174.11,1,4929,44,0
701,33.0001471,129.300665,17.792,45.301,172.61,1,4929,44,0
702,33.0001524,129.3006596,17.792,46.951,171.21,1,4929,44,0
703,33.0001578,129.3006538,17.792,48.601,169.71,1,4929,44,0
704,33.0001631,129.3006486,17.792,50.251,168.36,1,4929,44,0
706,32.5958831,129.3008925,17.792,-35.998,231.669,1,4929,34,90
707,32.5958776,129.3008977,17.792,-37.698,233.019,1,4929,34,90
708,32.5958721,129.3009029,17.792,-39.398,234.369,1,4929,34,90
709,32.5958666,129.3009081,17.792,-41.098,235.719,1,4929,34,90
710,32.5958611,129.3009133,17.792,-42.798,237.069,1,4929,34,90
711,32.5958555,129.3009185,17.792,-44.498,238.419,1,4929,34,90
712,32.59585,129.3009237,17.792,-46.198,239.769,1,4929,34,90
713,32.5958445,129.3009289,17.792,-47.898,241.119,1,4929,34,90
714,32.595839,129.3009341,17.792,-49.598,242.469,1,4929,34,90
715,32.5958335,129.3009393,17.792,-51.298,243.819,1,4929,34,90
716,32.5958279,129.3009445,17.792,-52.998,245.169,1,4929,34,90
717,32.5958224,129.3009497,17.792,-54.698,246.519,1,4929,34,90
718,32.5958169,129.3009549,17.792,-56.398,247.869,1,4929,34,90
719,32.5958114,129.3009601,17.792,-58.098,249.219,1,4929,34,90
720,32.5958059,129.3009653,17.792,-59.798,250.569,1,4929,34,90
721,32.5958003,129.3009705,17.792,-61.498,251.919,1,4929,34,90
722,32.5957948,129.3009757,17.792,-63.198,253.269,1,4929,34,90
723,32.5957893,129.3009809,17.792,-64.898,254.619,1,4929,34,90
724,32.5957838,129.3009861,17.792,-66.598,255.969,1,4929,34,90
725,32.5957783,129.3009913,17.792,-68.298,257.319,1,4929,34,90
726,32.5957728,129.3009965,17.792,-69.998,258.669,1,4929,34,90
727,32.5957672,129.3010017,17.792,-71.698,260.019,1,4929,34,90
728,32.5957617,129.3010069,17.792,-73.398,261.369,1,4929,34,90
729,32.5957562,129.3010121,17.792,-75.098,262.719,1,4929,34,90
730,32.5957507,129.3010173,17.792,-76.798,264.069,1,4929,34,90
731,32.5957452,129.3010225,17.792,-78.498,265.419,1,4929,34,90
732,32.5957396,129.3010272,17.792,-80.198,266.619,1,4929,34,90
733,32.5957341,129.3010318,17.792,-81.898,267.819,1,4929,34,90
734,32.5957286,129.3010358,17.792,-83.598,268.869,1,4929,34,90
735,32.5957231,129.3010399,17.792,-85.298,269.919,1,4929,34,90
736,32.5957176,129.3010439,17.792,-86.998,270.969,1,4929,34,90
737,32.595712,129.3010474,17.792,-88.698,271.869,1,4929,34,90
738,32.5957065,129.3010509,17.792,-90.398,272.769,1,4929,34,90
739,32.595701,129.3010541,17.792,-92.098,273.619,1,4929,34,90
740,32.5956955,129.3010574,17.792,-93.798,274.469,1,4929,34,90
741,32.59569,129.3010603,17.792,-95.498,275.219,1,4929,34,90
742,32.5956844,129.301063,17.792,-97.198,275.919,1,4929,34,90
743,32.5956789,129.3010657,17.792,-98.898,276.619,1,4929,34,90
744,32.5956734,129.3010684,17.792,-100.598,277.319,1,4929,34,90
745,32.5956679,129.3010711,17.792,-102.298,278.019,1,4929,34,90
746,32.5956624,129.3010738,17.792,-103.998,278.719,1,4929,34,90
747,32.5956569,129.3010763,17.792,-105.698,279.369,1,4929,34,90
748,32.5956513,129.3010788,17.792,-107.398,280.019,1,4929,34,90
749,32.5956458,129.3010807,17.792,-109.098,280.519,1,4929,34,90
750,32.5956721,129.301104,17.792,-101.013,286.571,1,4929,34,90
751,32.5956766,129.3011002,17.792,-99.613,285.571,1,4929,34,90
752,32.5956812,129.3010963,17.792,-98.213,284.571,1,4929,34,90
753,32.5956857,129.3010923,17.792,-96.813,283.521,1,4929,34,90
756,32.5956902,129.3010882,17.792,-95.413,282.471,1,4929,34,90
757,32.5956948,129.3010842,17.792,-94.013,281.421,1,4929,34,90
758,32.5956993,129.3010801,17.792,-92.613,280.371,1,4929,34,90
759,32.5957039,129.3010761,17.792,-91.213,279.321,1,4929,34,90
760,32.5957084,129.3010721,17.792,-89.813,278.271,1,4929,34,90
761,32.595713,129.301068,17.792,-88.413,277.221,1,4929,34,90
762,32.5957175,129.3010634,17.792,-87.013,276.021,1,4929,34,90
763,32.5957221,129.3010593,17.792,-85.613,274.971,1,4929,34,90
764,32.5957266,129.3010553,17.792,-84.213,273.921,1,4929,34,90
765,32.5957311,129.3010507,17.792,-82.813,272.721,1,4929,34,90
766,32.5957357,129.3010464,17.792,-81.413,271.621,1,4929,34,90
767,32.5957402,129.3010424,17.792,-80.013,270.571,1,4929,34,90
768,32.5957448,129.3010383,17.792,-78.613,269.521,1,4929,34,90
769,32.5957493,129.3010339,17.792,-77.213,268.371,1,4929,34,90
770,32.5957539,129.3010295,17.792,-75.813,267.221,1,4929,34,90
771,32.5957584,129.3010251,17.792,-74.413,266.071,1,4929,34,90
772,32.595763,129.3010206,17.792,-73.013,264.921,1,4929,34,90
773,32.5957675,129.3010162,17.792,-71.613,263.771,1,4929,34,90
774,32.5957721,129.3010118,17.792,-70.213,262.621,1,4929,34,90
775,32.5957766,129.3010073,17.792,-68.813,261.471,1,4929,34,90
776,32.5957811,129.3010029,17.792,-67.413,260.321,1,4929,34,90
777,32.5957857,129.3009985,17.792,-66.013,259.171,1,4929,34,90
778,32.5957902,129.300994,17.792,-64.613,258.021,1,4929,34,90
779,32.5957948,129.3009896,17.792,-63.213,256.871,1,4929,34,90
780,32.5957993,129.3009852,17.792,-61.813,255.721,1,4929,34,90
781,32.5958039,129.3009807,17.792,-60.413,254.571,1,4929,34,90
782,32.5958084,129.3009767,17.792,-59.013,253.521,1,4929,34,90
783,32.595813,129.3009725,17.792,-57.613,252.421,1,4929,34,90
784,32.5958175,129.3009684,17.792,-56.213,251.371,1,4929,34,90
785,32.595822,129.3009644,17.792,-54.813,250.321,1,4929,34,90
786,32.5958266,129.3009603,17.792,-53.413,249.271,1,4929,34,90
787,32.5958311,129.3009563,17.792,-52.013,248.221,1,4929,34,90
788,32.5958357,129.3009519,17.792,-50.613,247.071,1,4929,34,90
789,32.5958402,129.3009474,17.792,-49.213,245.921,1,4929,34,90
790,32.5958448,129.300943,17.792,-47.813,244.771,1,4929,34,90
791,32.5958493,129.3009386,17.792,-46.413,243.621,1,4929,34,90
792,32.5958539,129.3009343,17.792,-45.013,242.521,1,4929,34,90
793,32.5958584,129.3009299,17.792,-43.613,241.371,1,4929,34,90
794,32.595863,129.3009255,17.792,-42.213,240.221,1,4929,34,90
795,32.5958675,129.300921,17.792,-40.813,239.071,1,4929,34,90
796,32.595872,129.3009166,17.792,-39.413,237.921,1,4929,34,90
797,32.5958766,129.3009122,17.792,-38.013,236.771,1,4929,34,90
798,32.5958811,129.3009077,17.792,-36.613,235.621,1,4929,34,90
799,32.5958857,129.3009033,17.792,-35.213,234.471,1,4929,34,90
800,32.5958902,129.3008995,17.792,-33.813,233.471,1,4929,34,90
801,32.5958948,129.3008952,17.792,-32.413,232.371,1,4929,34,90
803,33.0000826,129.3007367,17.792,25.451,191.21,1,4929,44,0
804,33.000088,129.3007324,17.792,27.101,190.11,1,4929,44,0
805,33.0000933,129.3007282,17.792,28.751,189.01,1,4929,44,0
806,33.0000987,129.3007253,17.792,30.401,188.26,1,4929,44,0
807,33.000104,129.3007234,17.792,32.051,187.76,1,4929,44,0
808,33.0001089,129.3007222,17.792,33.551,187.46,1,4929,44,0
809,33.0001138,129.3007216,17.792,35.051,187.31,1,4929,44,0
810,33.0001187,129.300722,17.792,36.551,187.41,1,4929,44,0
811,33.0001235,129.3007224,17.792,38.051,187.51,1,4929,44,0
812,33.0001284,129.3007239,17.792,39.551,187.91,1,4929,44,0
813,33.0001333,129.3007259,17.792,41.051,188.41,1,4929,44,0
814,33.0001381,129.3007284,17.792,42.551,189.06,1,4929,44,0
815,33.000143,129.300732,17.792,44.051,190.01,1,4929,44,0
816,33.0001479,129.300737,17.792,45.551,191.31,1,4929,44,0
817,33.0001511,129.3007415,17.792,46.551,192.46,1,4929,44,0
818,32.5959774,129.3004025,17.792,-6.948,104.469,1,4929,34,90
819,32.5959763,129.3003957,17.792,-7.298,102.719,1,4929,34,90
820,32.5959753,129.300389,17.792,-7.598,100.969,1,4929,34,90
821,32.5959744,129.3003822,17.792,-7.898,99.219,1,4929,34,90
822,32.5959735,129.3003755,17.792,-8.148,97.469,1,4929,34,90
823,32.5959727,129.3003688,17.792,-8.398,95.719,1,4929,34,90
824,32.5959719,129.300362,17.792,-8.648,93.969,1,4929,34,90
825,32.5959711,129.3003553,17.792,-8.898,92.219,1,4929,34,90
826,32.5959703,129.3003485,17.792,-9.148,90.469,1,4929,34,90
827,32.5959695,129.3003418,17.792,-9.398,88.719,1,4929,34,90
828,32.5959688,129.3003351,17.792,-9.598,86.969,1,4929,34,90
829,32.595968,129.3003283,17.792,-9.848,85.219,1,4929,34,90
830,32.5959672,129.3003216,17.792,-10.098,83.469,1,4929,34,90
831,32.5959666,129.3003148,17.792,-10.298,81.719,1,4929,34,90
832,32.5959658,129.3003081,17.792,-10.548,79.969,1,4929,34,90
833,32.5959649,129.3003013,17.792,-10.798,78.219,1,4929,34,90
834,32.5959641,129.3002946,17.792,-11.048,76.469,1,4929,34,90
835,32.5959635,129.3002879,17.792,-11.248,74.719,1,4929,34,90
836,32.5959627,129.3002811,17.792,-11.498,72.969,1,4929,34,90
837,32.5959619,129.3002744,17.792,-11.748,71.219,1,4929,34,90
838,32.5959612,129.3002676,17.792,-11.948,69.469,1,4929,34,90
839,32.5959607,129.3002609,17.792,-12.098,67.719,1,4929,34,90
840,32.5959601,129.3002542,17.792,-12.298,65.969,1,4929,34,90
841,32.5959594,129.3002474,17.792,-12.498,64.219,1,4929,34,90
842,32.5959586,129.3002407,17.792,-12.748,62.469,1,4929,34,90
843,32.5959581,129.3002339,17.792,-12.898,60.719,1,4929,34,90
844,32.5959573,129.3002272,17.792,-13.148,58.969,1,4929,34,90
845,32.5959565,129.3002204,17.792,-13.398,57.219,1,4929,34,90
846,32.595956,129.3002137,17.792,-13.548,55.469,1,4929,34,90
847,32.5959554,129.300207,17.792,-13.748,53.719,1,4929,34,90
848,32.5959547,129.3002002,17.792,-13.948,51.969,1,4929,34,90
849,32.5959541,129.3001935,17.792,-14.148,50.219,1,4929,34,90
850,32.5959534,129.3001867,17.792,-14.348,48.469,1,4929,34,90
851,32.5959528,129.30018,17.792,-14.548,46.719,1,4929,34,90
852,32.5959521,129.3001732,17.792,-14.748,44.969,1,4929,34,90
853,32.5959515,129.3001665,17.792,-14.948,43.219,1,4929,34,90
854,32.595951,129.3001598,17.792,-15.098,41.469,1,4929,34,90
855,32.5959505,129.300153,17.792,-15.248,39.719,1,4929,34,90
856,32.59595,129.3001463,17.792,-15.398,37.969,1,4929,34,90
857,32.5959495,129.3001395,17.792,-15.548,36.219,1,4929,34,90
858,32.5959492,129.3001328,17.792,-15.648,34.469,1,4929,34,90
859,32.5959492,129.3001261,17.792,-15.648,32.719,1,4929,34,90
860,32.5959497,129.3001193,17.792,-15.498,30.969,1,4929,34,90
861,32.5959508,129.3001126,17.792,-15.148,29.219,1,4929,34,90
862,32.5959526,129.3001058,17.792,-14.598,27.469,1,4929,34,90
863,32.5959552,129.3000991,17.792,-13.798,25.719,1,4929,34,90
864,32.5959588,129.3000923,17.792,-12.698,23.969,1,4929,34,90
865,32.5959627,129.3000871,17.792,-11.498,22.619,1,4929,34,90
866,32.5959671,129.3000831,17.792,-10.148,21.569,1,4929,34,90
867,32.5959714,129.3000791,17.792,-8.798,20.519,1,4929,34,90
868,32.5959758,129.3000765,17.792,-7.448,19.869,1,4929,34,90
869,32.5959802,129.300074,17.792,-6.098,19.219,1,4929,34,90
870,32.5959846,129.3000715,17.792,-4.748,18.569,1,4929,34,90
871,32.595989,129.300069,17.792,-3.398,17.919,1,4929,34,90
872,32.5959771,129.3000561,17.792,-7.066,14.563,1,4929,34,90
873,32.5959715,129.3000576,17.792,-8.766,14.963,1,4929,34,90
874,32.595966,129.3000592,17.792,-10.466,15.363,1,4929,34,90
875,32.5959605,129.3000615,17.792,-12.166,15.963,1,4929,34,90
876,32.595955,129.3000644,17.792,-13.866,16.713,1,4929,34,90
877,32.5959496,129.300069,17.792,-15.516,17.913,1,4929,34,90
878,32.5959454,129.3000744,17.792,-16.816,19.313,1,4929,34,90
879,32.595943,129.3000798,17.792,-17.566,20.713,1,4929,34,90
880,32.5959405,129.3000854,17.792,-18.316,22.163,1,4929,34,90
881,32.5959389,129.3000925,17.792,-18.816,24.013,1,4929,34,90
882,32.5959375,129.3001012,17.792,-19.266,26.263,1,4929,34,90
883,32.595937,129.3001098,17.792,-19.416,28.513,1,4929,34,90
884,32.595937,129.3001185,17.792,-19.416,30.763,1,4929,34,90
885,32.5959373,129.3001272,17.792,-19.316,33.013,1,4929,34,90
886,32.5959376,129.3001359,17.792,-19.216,35.263,1,4929,34,90
887,32.5959384,129.3001445,17.792,-18.966,37.513,1,4929,34,90
888,32.5959392,129.3001532,17.792,-18.716,39.763,1,4929,34,90
889,32.5959401,129.3001619,17.792,-18.466,42.013,1,4929,34,90
890,32.5959409,129.3001705,17.792,-18.216,44.263,1,4929,34,90
891,32.5959417,129.3001792,17.792,-17.966,46.513,1,4929,34,90
892,32.5959425,129.3001879,17.792,-17.716,48.763,1,4929,34,90
893,32.5959433,129.3001965,17.792,-17.466,51.013,1,4929,34,90
894,32.5959441,129.3002052,17.792,-17.216,53.263,1,4929,34,90
895,32.5959452,129.3002139,17.792,-16.866,55.513,1,4929,34,90
896,32.5959461,129.3002225,17.792,-16.616,57.763,1,4929,34,90
897,32.595947,129.3002312,17.792,-16.316,60.013,1,4929,34,90
898,32.5959478,129.3002399,17.792,-16.066,62.263,1,4929,34,90
899,32.5959488,129.3002485,17.792,-15.766,64.513,1,4929,34,90
900,32.5959498,129.3002572,17.792,-15.466,66.763,1,4929,34,90
901,32.5959506,129.3002659,17.792,-15.216,69.013,1,4929,34,90
902,32.5959516,129.3002745,17.792,-14.916,71.263,1,4929,34,90
903,32.5959524,129.3002832,17.792,-14.666,73.513,1,4929,34,90
904,32.5959532,129.3002919,17.792,-14.416,75.763,1,4929,34,90
905,32.5959542,129.3003006,17.792,-14.116,78.013,1,4929,34,90
906,32.5959551,129.3003092,17.792,-13.816,80.263,1,4929,34,90
907,32.5959561,129.3003179,17.792,-13.516,82.513,1,4929,34,90
908,32.5959571,129.3003266,17.792,-13.216,84.763,1,4929,34,90
909,32.5959581,129.3003352,17.792,-12.916,87.013,1,4929,34,90
910,32.595959,129.3003439,17.792,-12.616,89.263,1,4929,34,90
911,32.59596,129.3003526,17.792,-12.316,91.513,1,4929,34,90
912,32.595961,129.3003612,17.792,-12.016,93.763,1,4929,34,90
913,32.595962,129.3003699,17.792,-11.716,96.013,1,4929,34,90
914,32.5959629,129.3003786,17.792,-11.416,98.263,1,4929,34,90
915,32.5959642,129.3003872,17.792,-11.016,100.513,1,4929,34,90
916,32.5959655,129.3003959,17.792,-10.616,102.763,1,4929,34,90
917,32.595967,129.3004046,17.792,-10.166,105.013,1,4929,34,90
918,33.000161,129.3007937,17.792,49.602,206.019,1,4929,44,0
919,33.00016,129.3008001,17.792,49.302,207.669,1,4929,44,0
920,33.0001586,129.3008064,17.792,48.852,209.319,1,4929,44,0
921,33.0001566,129.3008128,17.792,48.252,210.969,1,4929,44,0
922,33.0001544,129.3008191,17.792,47.552,212.619,1,4929,44,0
923,33.0001513,129.3008255,17.792,46.602,214.269,1,4929,44,0
924,33.0001482,129.3008318,17.792,45.652,215.919,1,4929,44,0
925,33.0001448,129.3008382,17.792,44.602,217.569,1,4929,44,0
926,33.0001404,129.3008446,17.792,43.252,219.219,1,4929,44,0
927,33.0001352,129.3008509,17.792,41.652,220.869,1,4929,44,0
928,33.0001295,129.3008571,17.792,39.902,222.469,1,4929,44,0
929,33.0001237,129.3008629,17.792,38.102,223.969,1,4929,44,0
930,33.0001182,129.3008677,17.792,36.402,225.219,1,4929,44,0
931,33.0001126,129.3008721,17.792,34.702,226.369,1,4929,44,0
932,33.0001071,129.3008762,17.792,33.002,227.419,1,4929,44,0
933,33.0001016,129.3008806,17.792,31.302,228.569,1,4929,44,0
934,33.0000961,129.3008852,17.792,29.602,229.769,1,4929,44,0
935,33.0000906,129.3008898,17.792,27.902,230.969,1,4929,44,0
936,33.0000851,129.3008945,17.792,26.202,232.169,1,4929,44,0
937,33.0000795,129.3009,17.792,24.502,233.619,1,4929,44,0
938,33.000074,129.3009068,17.792,22.802,235.369,1,4929,44,0
939,33.0000685,129.3009143,17.792,21.102,237.319,1,4929,44,0
940,33.0000641,129.3009228,17.792,19.752,239.519,1,4929,44,0
941,33.0000607,129.3009314,17.792,18.702,241.769,1,4929,44,0
942,33.0000583,129.3009401,17.792,17.952,244.019,1,4929,44,0
943,33.0000568,129.300947,17.792,17.502,245.819,1,4929,44,0
944,33.000056,129.300954,17.792,17.252,247.619,1,4929,44,0
945,33.0000558,129.3009609,17.792,17.202,249.419,1,4929,44,0
946,33.0000557,129.3009678,17.792,17.152,251.219,1,4929,44,0
947,33.000056,129.3009748,17.792,17.252,253.019,1,4929,44,0
948,33.0000563,129.3009817,17.792,17.352,254.819,1,4929,44,0
949,33.0000566,129.3009886,17.792,17.452,256.619,1,4929,44,0
950,33.0000573,129.3009956,17.792,17.652,258.419,1,4929,44,0
951,33.0000579,129.3010025,17.792,17.852,260.219,1,4929,44,0
952,33.0000589,129.3010095,17.792,18.152,262.019,1,4929,44,0
953,33.0000599,129.3010164,17.792,18.452,263.819,1,4929,44,0
954,33.0000609,129.3010233,17.792,18.752,265.619,1,4929,44,0
955,33.0000622,129.3010303,17.792,19.152,267.419,1,4929,44,0
956,33.0000636,129.3010372,17.792,19.602,269.219,1,4929,44,0
957,33.0000656,129.3010441,17.792,20.202,271.019,1,4929,44,0
958,33.0000683,129.3010511,17.792,21.052,272.819,1,4929,44,0
959,33.0000717,129.301058,17.792,22.102,274.619,1,4929,44,0
960,33.0000763,129.3010649,17.792,23.502,276.419,1,4929,44,0
961,33.0000823,129.3010715,17.792,25.352,278.119,1,4929,44,0
962,33.0000883,129.3010761,17.792,27.202,279.319,1,4929,44,0
963,33.0000943,129.3010792,17.792,29.052,280.119,1,4929,44,0
964,33.0001003,129.3010805,17.792,30.902,280.469,1,4929,44,0
965,33.0001063,129.3010811,17.792,32.752,280.619,1,4929,44,0
967,33.0001041,129.3010493,17.792,32.057,272.371,1,4929,44,0
968,33.0000977,129.3010493,17.792,30.107,272.371,1,4929,44,0
969,33.0000919,129.3010478,17.792,28.307,271.971,1,4929,44,0
970,33.000086,129.3010447,17.792,26.507,271.171,1,4929,44,0
971,33.0000805,129.3010403,17.792,24.807,270.021,1,4929,44,0
972,33.0000769,129.3010353,17.792,23.707,268.721,1,4929,44,0
973,33.0000737,129.3010295,17.792,22.707,267.221,1,4929,44,0
974,33.0000716,129.3010233,17.792,22.057,265.621,1,4929,44,0
975,33.00007,129.3010172,17.792,21.557,264.021,1,4929,44,0
976,33.0000688,129.301011,17.792,21.207,262.421,1,4929,44,0
977,33.000068,129.3010048,17.792,20.957,260.821,1,4929,44,0
978,33.0000675,129.3009987,17.792,20.807,259.221,1,4929,44,0
979,33.0000674,129.3009925,17.792,20.757,257.621,1,4929,44,0
980,33.0000674,129.3009863,17.792,20.757,256.021,1,4929,44,0
981,33.0000675,129.3009802,17.792,20.807,254.421,1,4929,44,0
982,33.000068,129.300974,17.792,20.957,252.821,1,4929,44,0
983,33.0000687,129.3009679,17.792,21.157,251.221,1,4929,44,0
984,33.0000696,129.3009617,17.792,21.457,249.621,1,4929,44,0
985,33.0000709,129.3009553,17.792,21.857,247.971,1,4929,44,0
986,33.0000724,129.300949,17.792,22.307,246.321,1,4929,44,0
987,33.0000745,129.3009426,17.792,22.957,244.671,1,4929,44,0
988,33.0000771,129.3009363,17.792,23.757,243.021,1,4929,44,0
989,33.0000802,129.3009299,17.792,24.707,241.371,1,4929,44,0
990,33.0000841,129.3009235,17.792,25.907,239.721,1,4929,44,0
991,33.000088,129.300918,17.792,27.107,238.271,1,4929,44,0
992,33.0000919,129.3009131,17.792,28.307,237.021,1,4929,44,0
993,33.0000958,129.3009091,17.792,29.507,235.971,1,4929,44,0
994,33.0000998,129.3009052,17.792,30.757,234.971,1,4929,44,0
995,33.0001065,129.3008997,17.792,32.807,233.521,1,4929,44,0
996,33.0001117,129.3008954,17.792,34.407,232.421,1,4929,44,0
997,33.0001169,129.3008923,17.792,36.007,231.621,1,4929,44,0
998,33.0001243,129.3008877,17.792,38.307,230.421,1,4929,44,0
999,33.0001318,129.3008831,17.792,40.607,229.221,1,4929,44,0
1000,33.0001393,129.3008791,17.792,42.907,228.171,1,4929,44,0
1001,33.0001467,129.3008754,17.792,45.207,227.221,1,4929,44,0
1002,33.0001542,129.3008723,17.792,47.507,226.421,1,4929,44,0
1003,33.0001617,129.3008688,17.792,49.807,225.521,1,4929,44,0
1004,33.0001685,129.3008646,17.792,51.907,224.421,1,4929,44,0
1005,33.0001742,129.3008584,17.792,53.657,222.821,1,4929,44,0
1006,33.0001784,129.3008513,17.792,54.957,220.971,1,4929,44,0
1007,33.0001816,129.3008432,17.792,55.957,218.871,1,4929,44,0
1008,33.0001834,129.3008357,17.792,56.507,216.921,1,4929,44,0
1009,33.0001842,129.3008297,17.792,56.757,215.371,1,4929,44,0
1010,33.0001846,129.3008243,17.792,56.857,213.971,1,4929,44,0
1011,33.0001846,129.300819,17.792,56.857,212.571,1,4929,44,0
1012,33.0001844,129.3008136,17.792,56.807,211.171,1,4929,44,0
1013,33.0001839,129.3008082,17.792,56.657,209.771,1,4929,44,0
1014,33.0001833,129.3008028,17.792,56.457,208.371,1,4929,44,0
1015,33.0001813,129.3007918,17.792,55.857,205.521,1,4929,44,0
1016,33.0001786,129.3007808,17.792,55.007,202.671,1,4929,44,0
1017,33.0001758,129.3007698,17.792,54.157,199.821,1,4929,44,0
1018,33.0001729,129.3007589,17.792,53.257,196.971,1,4929,44,0
1019,33.0001696,129.3007479,17.792,52.257,194.121,1,4929,44,0
1020,33.0001656,129.3007369,17.792,51.007,191.271,1,4929,44,0
1021,33.0001609,129.3007259,17.792,49.557,188.421,1,4929,44,0
1022,33.000157,129.3007176,17.792,48.357,186.271,1,4929,44,0
1023,33.0001511,129.3007084,17.792,46.557,183.871,1,4929,44,0
1025,33.0001419,129.3006935,17.792,43.707,180.021,1,4929,44,0
1026,33.0001351,129.3006837,17.792,41.607,177.471,1,4929,44,0
1027,33.0001282,129.3006739,17.792,39.507,174.921,1,4929,44,0
1028,33.0001214,129.3006645,17.792,37.407,172.471,1,4929,44,0
1029,33.0001146,129.300655,17.792,35.307,170.021,1,4929,44,0
1030,33.0001078,129.3006456,17.792,33.207,167.571,1,4929,44,0
1031,33.0001039,129.30064,17.792,32.007,166.121,1,4929,44,0
1032,33.0001471,129.3007041,17.792,45.307,182.771,1,4929,44,0
1033,33.000143,129.3007005,17.792,44.057,181.821,1,4929,44,0
1034,33.000139,129.3006972,17.792,42.807,180.971,1,4929,44,0
1035,33.0001349,129.3006949,17.792,41.557,180.371,1,4929,44,0
1036,33.0001308,129.3006935,17.792,40.307,180.021,1,4929,44,0
1037,33.0001268,129.3006926,17.792,39.057,179.771,1,4929,44,0
1038,33.0001227,129.300692,17.792,37.807,179.621,1,4929,44,0
1039,33.0001187,129.3006918,17.792,36.557,179.571,1,4929,44,0
1040,33.0001146,129.3006916,17.792,35.307,179.521,1,4929,44,0
1041,33.0001106,129.3006918,17.792,34.057,179.571,1,4929,44,0
1042,33.0001065,129.3006926,17.792,32.807,179.771,1,4929,44,0
1043,33.0001024,129.3006935,17.792,31.557,180.021,1,4929,44,0
1044,33.0000984,129.3006951,17.792,30.307,180.421,1,4929,44,0
1045,33.0000943,129.3006968,17.792,29.057,180.871,1,4929,44,0
1046,33.0000903,129.3006991,17.792,27.807,181.471,1,4929,44,0
1047,33.0000862,129.3007018,17.792,26.557,182.171,1,4929,44,0
1048,33.0000822,129.3007045,17.792,25.307,182.871,1,4929,44,0
1049,33.0001539,129.300704,17.792,47.407,182.721,1,4929,44,0
1050,33.0001529,129.3006982,17.792,47.107,181.221,1,4929,44,0
1051,33.0001526,129.3006924,17.792,47.007,179.721,1,4929,44,0
1052,33.0001531,129.3006866,17.792,47.157,178.221,1,4929,44,0
1053,33.0001539,129.3006808,17.792,47.407,176.721,1,4929,44,0
1054,33.0001549,129.3006751,17.792,47.707,175.221,1,4929,44,0
1055,33.0001567,129.3006693,17.792,48.257,173.721,1,4929,44,0
1056,33.0001591,129.3006635,17.792,49.007,172.221,1,4929,44,0
1057,33.000162,129.3006575,17.792,49.907,170.671,1,4929,44,0
1058,33.0001649,129.3006523,17.792,50.807,169.321,1,4929,44,0
1059,33.0001687,129.3006471,17.792,51.957,167.971,1,4929,44,0
1060,33.0001722,129.3006421,17.792,53.057,166.671,1,4929,44,0
1061,33.0002129,129.3006023,17.792,65.581,156.326,1,4929,44,0
1062,33.0002181,129.3005971,17.792,67.181,154.976,1,4929,44,0
1063,33.0002233,129.3005919,17.792,68.781,153.626,1,4929,44,0
1064,33.0002285,129.3005867,17.792,70.381,152.276,1,4929,44,0
1065,33.0002337,129.3005818,17.792,71.981,151.026,1,4929,44,0
1066,33.0002389,129.3005766,17.792,73.581,149.676,1,4929,44,0
1067,33.0002441,129.3005714,17.792,75.181,148.326,1,4929,44,0
1068,33.0002496,129.3005664,17.792,76.881,147.026,1,4929,44,0
1069,33.0002551,129.3005614,17.792,78.581,145.726,1,4929,44,0
1070,33.0002606,129.3005564,17.792,80.281,144.426,1,4929,44,0
1071,33.000266,129.3005506,17.792,81.931,142.926,1,4929,44,0
1072,33.0002713,129.3005449,17.792,83.581,141.426,1,4929,44,0
1073,33.0002767,129.3005391,17.792,85.231,139.926,1,4929,44,0
1074,33.000282,129.3005333,17.792,86.881,138.426,1,4929,44,0
1075,33.0002874,129.3005275,17.792,88.531,136.926,1,4929,44,0
1076,33.0002928,129.3005217,17.792,90.181,135.426,1,4929,44,0
1077,33.0002981,129.300516,17.792,91.831,133.926,1,4929,44,0
1078,33.0003035,129.3005102,17.792,93.481,132.426,1,4929,44,0
1079,33.0003088,129.300505,17.792,95.131,131.076,1,4929,44,0
1080,33.0003142,129.3004998,17.792,96.781,129.726,1,4929,44,0
1081,33.0003195,129.3004946,17.792,98.431,128.376,1,4929,44,0
1082,33.0003249,129.3004894,17.792,100.081,127.026,1,4929,44,0
1083,33.0003303,129.3004842,17.792,101.731,125.676,1,4929,44,0
1084,33.0003356,129.300479,17.792,103.381,124.326,1,4929,44,0
1085,33.000341,129.3004738,17.792,105.031,122.976,1,4929,44,0
1086,33.0003463,129.3004686,17.792,106.681,121.626,1,4929,44,0
1087,33.0003517,129.3004634,17.792,108.331,120.276,1,4929,44,0
1088,33.000357,129.3004582,17.792,109.981,118.926,1,4929,44,0
1089,33.0003624,129.300453,17.792,111.631,117.576,1,4929,44,0
1090,33.0003677,129.3004478,17.792,113.281,116.226,1,4929,44,0
1091,33.0003731,129.3004426,17.792,114.931,114.876,1,4929,44,0
1092,33.0003785,129.3004374,17.792,116.581,113.526,1,4929,44,0
1093,33.0003838,129.3004326,17.792,118.231,112.276,1,4929,44,0
1094,33.0003892,129.3004277,17.792,119.881,111.026,1,4929,44,0
1095,33.0003945,129.3004229,17.792,121.531,109.776,1,4929,44,0
1096,33.0003999,129.3004181,17.792,123.181,108.526,1,4929,44,0
1097,33.0004052,129.3004133,17.792,124.831,107.276,1,4929,44,0
1098,33.0004106,129.3004085,17.792,126.481,106.026,1,4929,44,0
1099,33.000416,129.3004037,17.792,128.131,104.776,1,4929,44,0
1100,33.0004213,129.3003985,17.792,129.781,103.426,1,4929,44,0
1101,33.0004267,129.3003933,17.792,131.431,102.076,1,4929,44,0
1102,33.000432,129.3003881,17.792,133.081,100.726,1,4929,44,0
1103,33.0004374,129.3003829,17.792,134.731,99.376,1,4929,44,0
1104,33.0004427,129.3003777,17.792,136.381,98.026,1,4929,44,0
1105,33.0004481,129.3003725,17.792,138.031,96.676,1,4929,44,0
1106,33.0004535,129.3003673,17.792,139.681,95.326,1,4929,44,0
1107,33.0004588,129.3003621,17.792,141.331,93.976,1,4929,44,0
1108,33.0004642,129.3003569,17.792,142.981,92.626,1,4929,44,0
1109,33.0004695,129.3003517,17.792,144.631,91.276,1,4929,44,0
1110,33.0004749,129.3003465,17.792,146.281,89.926,1,4929,44,0
1111,33.0004802,129.3003413,17.792,147.931,88.576,1,4929,44,0
1112,33.0004856,129.3003361,17.792,149.581,87.226,1,4929,44,0
1113,33.0004909,129.3003308,17.792,151.231,85.876,1,4929,44,0
1114,33.0004963,129.3003256,17.792,152.881,84.526,1,4929,44,0
1115,33.0005017,129.3003204,17.792,154.531,83.176,1,4929,44,0
1116,33.000507,129.3003152,17.792,156.181,81.826,1,4929,44,0
1117,33.0005124,129.30031,17.792,157.831,80.476,1,4929,44,0
1118,33.0005177,129.3003048,17.792,159.481,79.126,1,4929,44,0
1119,33.0005231,129.3002996,17.792,161.131,77.776,1,4929,44,0
1120,33.0005284,129.3002944,17.792,162.781,76.426,1,4929,44,0
1121,33.0005338,129.3002892,17.792,164.431,75.076,1,4929,44,0
1122,33.0005392,129.3002842,17.792,166.081,73.776,1,4929,44,0
1123,33.0005445,129.3002792,17.792,167.731,72.476,1,4929,44,0
1124,33.0005499,129.3002744,17.792,169.381,71.226,1,4929,44,0
1125,33.0005552,129.3002694,17.792,171.031,69.926,1,4929,44,0
1126,33.0005606,129.3002644,17.792,172.681,68.626,1,4929,44,0
1127,33.0005659,129.3002594,17.792,174.331,67.326,1,4929,44,0
1128,33.0005713,129.3002544,17.792,175.981,66.026,1,4929,44,0
1129,33.0005767,129.3002494,17.792,177.631,64.726,1,4929,44,0
1130,33.000582,129.3002444,17.792,179.281,63.426,1,4929,44,0
1131,33.0005874,129.3002393,17.792,180.931,62.126,1,4929,44,0
1132,33.0005927,129.3002343,17.792,182.581,60.826,1,4929,44,0
1133,33.0005981,129.3002293,17.792,184.231,59.526,1,4929,44,0
1134,33.0006034,129.3002243,17.792,185.881,58.226,1,4929,44,0
1135,33.0006088,129.3002193,17.792,187.531,56.926,1,4929,44,0
1136,33.0006141,129.3002143,17.792,189.181,55.626,1,4929,44,0
1137,33.0006195,129.3002093,17.792,190.831,54.326,1,4929,44,0
1138,33.0006249,129.3002043,17.792,192.481,53.026,1,4929,44,0
1139,33.0006302,129.3001997,17.792,194.131,51.826,1,4929,44,0
1140,33.0006356,129.300195,17.792,195.781,50.626,1,4929,44,0
1141,33.0006409,129.3001904,17.792,197.431,49.426,1,4929,44,0
1142,33.0006463,129.3001858,17.792,199.081,48.226,1,4929,44,0
1143,33.0006516,129.3001812,17.792,200.731,47.026,1,4929,44,0
1144,33.000657,129.3001766,17.792,202.381,45.826,1,4929,44,0
1145,33.0006624,129.3001719,17.792,204.031,44.626,1,4929,44,0
1146,33.0006677,129.3001673,17.792,205.681,43.426,1,4929,44,0
1147,33.0006731,129.3001627,17.792,207.331,42.226,1,4929,44,0
1148,33.0006784,129.3001581,17.792,208.981,41.026,1,4929,44,0
1149,33.0006838,129.3001534,17.792,210.631,39.826,1,4929,44,0
1150,33.0006891,129.3001484,17.792,212.281,38.526,1,4929,44,0
1151,33.0006945,129.3001432,17.792,213.931,37.176,1,4929,44,0
1152,33.0006999,129.3001378,17.792,215.581,35.776,1,4929,44,0
1153,33.0007052,129.3001324,17.792,217.231,34.376,1,4929,44,0
1154,33.0007106,129.3001263,17.792,218.881,32.776,1,4929,44,0
1155,33.0007159,129.3001201,17.792,220.531,31.176,1,4929,44,0
1156,33.0007213,129.3001136,17.792,222.181,29.476,1,4929,44,0
1157,33.0007266,129.300107,17.792,223.831,27.776,1,4929,44,0
1158,33.000732,129.3000997,17.792,225.481,25.876,1,4929,44,0
1159,33.0007373,129.3000924,17.792,227.131,23.976,1,4929,44,0
1160,33.0007427,129.3000851,17.792,228.781,22.076,1,4929,44,0
1161,33.0007482,129.3000779,17.792,230.481,20.226,1,4929,44,0
1162,33.0007541,129.300071,17.792,232.281,18.426,1,4929,44,0
1163,33.0007599,129.3000646,17.792,234.081,16.776,1,4929,44,0
1164,33.0007658,129.3000596,17.792,235.881,15.476,1,4929,44,0
1165,33.0007716,129.3000552,17.792,237.681,14.326,1,4929,44,0
1166,33.0007774,129.3000517,17.792,239.481,13.426,1,4929,44,0
1167,33.0007833,129.3000483,17.792,241.281,12.526,1,4929,44,0
1168,33.0007896,129.3000458,17.792,243.231,11.876,1,4929,44,0
1169,33.0007959,129.300044,17.792,245.181,11.426,1,4929,44,0
1170,33.0008023,129.3000429,17.792,247.131,11.126,1,4929,44,0
1171,33.0008086,129.3000421,17.792,249.081,10.926,1,4929,44,0
1172,33.0008149,129.3000419,17.792,251.031,10.876,1,4929,44,0
1173,33.0008213,129.3000417,17.792,252.981,10.826,1,4929,44,0
1174,33.0008276,129.3000411,17.792,254.931,10.676,1,4929,44,0
1175,33.0008339,129.3000406,17.792,256.881,10.526,1,4929,44,0
1176,33.0008403,129.3000392,17.792,258.831,10.176,1,4929,44,0
1177,33.0008466,129.3000373,17.792,260.781,9.676,1,4929,44,0
1178,33.0008529,129.3000348,17.792,262.731,9.026,1,4929,44,0
1179,33.0008593,129.3000307,17.792,264.681,7.976,1,4929,44,0
1181,33.0008689,129.3000215,17.792,267.652,5.569,1,4929,44,0
1182,33.0008736,129.3000174,17.792,269.102,4.519,1,4929,44,0
1183,33.0008783,129.3000139,17.792,270.552,3.619,1,4929,44,0
1184,33.000883,129.3000105,17.792,272.002,2.719,1,4929,44,0
1185,33.0008877,129.3000076,17.792,273.452,1.969,1,4929,44,0
1186,33.0008924,129.3000045,17.792,274.902,1.169,1,4929,44,0
1187,33.0008971,129.300002,17.792,276.352,0.519,1,4929,44,0
1188,33.0009018,129.2959995,17.792,277.802,-0.131,1,4929,43,9
1189,33.0009066,129.2959976,17.792,279.252,-0.631,1,4929,43,9
1190,33.0009113,129.2959956,17.792,280.702,-1.131,1,4929,43,9
1191,33.000916,129.2959939,17.792,282.152,-1.581,1,4929,43,9
1192,33.0009207,129.2959926,17.792,283.602,-1.931,1,4929,43,9
1193,33.0009254,129.2959912,17.792,285.052,-2.281,1,4929,43,9
1194,33.0009301,129.2959899,17.792,286.502,-2.631,1,4929,43,9
1195,33.0009348,129.2959891,17.792,287.952,-2.831,1,4929,43,9
1196,33.0009395,129.2959883,17.792,289.402,-3.031,1,4929,43,9
1197,33.0009442,129.2959876,17.792,290.852,-3.231,1,4929,43,9
1198,33.0009489,129.2959868,17.792,292.302,-3.431,1,4929,43,9
1199,33.0009536,129.2959866,17.792,293.752,-3.481,1,4929,43,9
1200,33.0009583,129.2959864,17.792,295.202,-3.531,1,4929,43,9
1201,33.000963,129.2959862,17.792,296.652,-3.581,1,4929,43,9
1202,33.0009677,129.2959862,17.792,298.102,-3.581,1,4929,43,9
1203,33.0009725,129.2959862,17.792,299.552,-3.581,1,4929,43,9
1204,33.0009772,129.2959864,17.792,301.002,-3.531,1,4929,43,9
1205,33.0009819,129.2959866,17.792,302.452,-3.481,1,4929,43,9
1206,33.0009866,129.2959868,17.792,303.902,-3.431,1,4929,43,9
1207,33.0009913,129.295987,17.792,305.352,-3.381,1,4929,43,9
1208,33.000996,129.2959872,17.792,306.802,-3.331,1,4929,43,9
1209,33.0010007,129.2959874,17.792,308.252,-3.281,1,4929,43,9
1210,33.0010054,129.2959876,17.792,309.702,-3.231,1,4929,43,9
1211,33.0010101,129.2959879,17.792,311.152,-3.131,1,4929,43,9
1212,33.0010148,129.2959883,17.792,312.602,-3.031,1,4929,43,9
1213,33.0009684,129.2959879,17.792,298.302,-3.131,1,4929,43,9
1214,33.0009785,129.2959895,17.792,301.402,-2.731,1,4929,43,9
1215,33.0009885,129.2959924,17.792,304.502,-1.981,1,4929,43,9
1216,33.0009986,129.2959968,17.792,307.602,-0.831,1,4929,43,9
1217,33.001008,129.3000022,17.792,310.502,0.569,1,4929,44,0
1218,33.0010174,129.3000066,17.792,313.402,1.719,1,4929,44,0
1219,33.0010268,129.3000099,17.792,316.302,2.569,1,4929,44,0
1220,33.0010346,129.3000114,17.792,318.702,2.969,1,4929,44,0
1221,33.0010195,129.2959887,17.792,314.052,-2.931,1,4929,43,9
1222,33.0010242,129.2959893,17.792,315.502,-2.781,1,4929,43,9
1223,33.0010289,129.2959901,17.792,316.952,-2.581,1,4929,43,9
1224,33.0010336,129.2959906,17.792,318.402,-2.431,1,4929,43,9
1225,33.0010384,129.2959916,17.792,319.852,-2.181,1,4929,43,9
1226,33.0010431,129.2959926,17.792,321.302,-1.931,1,4929,43,9
1227,33.0010478,129.2959935,17.792,322.752,-1.681,1,4929,43,9
1228,33.0010525,129.2959945,17.792,324.202,-1.431,1,4929,43,9
1229,33.0010572,129.2959954,17.792,325.652,-1.181,1,4929,43,9
1230,33.0010619,129.2959968,17.792,327.102,-0.831,1,4929,43,9
1231,33.0010666,129.2959981,17.792,328.552,-0.481,1,4929,43,9
1232,33.0010713,129.2959995,17.792,330.002,-0.131,1,4929,43,9
1233,33.001076,129.300001,17.792,331.452,0.269,1,4929,44,0
1234,33.0010807,129.3000026,17.792,332.902,0.669,1,4929,44,0
1235,33.0010854,129.3000041,17.792,334.352,1.069,1,4929,44,0
1236,33.0010901,129.300006,17.792,335.802,1.569,1,4929,44,0
1237,33.0010948,129.3000082,17.792,337.252,2.119,1,4929,44,0
1238,33.0010995,129.3000103,17.792,338.702,2.669,1,4929,44,0
1239,33.0011043,129.3000124,17.792,340.152,3.219,1,4929,44,0
1240,33.001109,129.3000145,17.792,341.602,3.769,1,4929,44,0
1241,33.0011137,129.3000174,17.792,343.052,4.519,1,4929,44,0
1242,33.0011184,129.3000209,17.792,344.502,5.419,1,4929,44,0
1243,33.0011231,129.3000257,17.792,345.952,6.669,1,4929,44,0
1244,33.0011278,129.300034,17.792,347.402,8.819,1,4929,44,0
1245,33.0011325,129.3000432,17.792,348.852,11.219,1,4929,44,0
1246,33.0011379,129.3000505,17.792,350.502,13.119,1,4929,44,0
1247,33.0011429,129.3000552,17.792,352.052,14.319,1,4929,44,0
1248,33.0011479,129.3000575,17.792,353.602,14.919,1,4929,44,0
1249,33.001153,129.3000586,17.792,355.152,15.219,1,4929,44,0
1250,33.0011583,129.3000581,17.792,356.802,15.069,1,4929,44,0
1251,33.001163,129.3000561,17.792,358.252,14.569,1,4929,44,0
1252,33.0011674,129.3000523,17.792,359.602,13.569,1,4929,44,0
1253,33.0011705,129.3000488,17.792,360.552,12.669,1,4929,44,0
1254,33.0011726,129.3000448,17.792,361.202,11.619,1,4929,44,0
1255,33.0011737,129.3000407,17.792,361.552,10.569,1,4929,44,0
1256,33.0011742,129.3000361,17.792,361.702,9.369,1,4929,44,0
1257,33.0011744,129.3000315,17.792,361.752,8.169,1,4929,44,0
1258,33.0011734,129.3000268,17.792,361.452,6.969,1,4929,44,0
1259,33.0011715,129.3000222,17.792,360.852,5.769,1,4929,44,0
1260,33.0011692,129.3000186,17.792,360.152,4.819,1,4929,44,0
1261,33.0011663,129.3000157,17.792,359.252,4.069,1,4929,44,0
1262,33.0011635,129.3000132,17.792,358.402,3.419,1,4929,44,0
1263,33.001159,129.3000109,17.792,357.002,2.819,1,4929,44,0
1264,33.0011539,129.3000091,17.792,355.452,2.369,1,4929,44,0
1265,33.0011489,129.3000082,17.792,353.902,2.119,1,4929,44,0
1266,33.0011439,129.3000072,17.792,352.352,1.869,1,4929,44,0
1267,33.0011388,129.3000062,17.792,350.802,1.619,1,4929,44,0
1268,33.0011338,129.3000053,17.792,349.252,1.369,1,4929,44,0
1269,33.0011288,129.3000039,17.792,347.702,1.019,1,4929,44,0
1270,33.0011237,129.3000028,17.792,346.152,0.719,1,4929,44,0
1271,33.0011187,129.3000012,17.792,344.602,0.319,1,4929,44,0
1272,33.0011137,129.2959993,17.792,343.052,-0.181,1,4929,43,9
1273,33.0011086,129.2959976,17.792,341.502,-0.631,1,4929,43,9
1274,33.0011036,129.2959956,17.792,339.952,-1.131,1,4929,43,9
1275,33.0010986,129.2959935,17.792,338.402,-1.681,1,4929,43,9
1276,33.0010935,129.2959914,17.792,336.852,-2.231,1,4929,43,9
1277,33.0010885,129.2959891,17.792,335.302,-2.831,1,4929,43,9
1278,33.0010835,129.295987,17.792,333.752,-3.381,1,4929,43,9
1279,33.0010784,129.295985,17.792,332.202,-3.881,1,4929,43,9
1280,33.0010734,129.2959831,17.792,330.652,-4.381,1,4929,43,9
1281,33.0010684,129.2959816,17.792,329.102,-4.781,1,4929,43,9
1282,33.0010634,129.29598,17.792,327.552,-5.181,1,4929,43,9
1283,33.0010583,129.2959785,17.792,326.002,-5.581,1,4929,43,9
1284,33.0010533,129.295977,17.792,324.452,-5.981,1,4929,43,9
1285,33.0010483,129.2959754,17.792,322.902,-6.381,1,4929,43,9
1286,33.0010432,129.2959739,17.792,321.352,-6.781,1,4929,43,9
1287,33.0010382,129.2959731,17.792,319.802,-6.981,1,4929,43,9
1288,33.0010332,129.2959723,17.792,318.252,-7.181,1,4929,43,9
1289,33.0010281,129.2959712,17.792,316.702,-7.481,1,4929,43,9
1290,33.0010231,129.29597,17.792,315.152,-7.781,1,4929,43,9
1291,33.0010181,129.2959693,17.792,313.602,-7.981,1,4929,43,9
1292,33.001013,129.2959685,17.792,312.052,-8.181,1,4929,43,9
1293,33.001008,129.2959679,17.792,310.502,-8.331,1,4929,43,9
1294,33.001003,129.2959673,17.792,308.952,-8.481,1,4929,43,9
1295,33.0009979,129.2959667,17.792,307.402,-8.631,1,4929,43,9
1296,33.0009929,129.2959662,17.792,305.852,-8.781,1,4929,43,9
1297,33.0009879,129.2959656,17.792,304.302,-8.931,1,4929,43,9
1298,33.0009828,129.295965,17.792,302.752,-9.081,1,4929,43,9
1299,33.0009778,129.2959644,17.792,301.202,-9.231,1,4929,43,9
1300,33.0009728,129.2959642,17.792,299.652,-9.281,1,4929,43,9
1301,33.0009677,129.2959641,17.792,298.102,-9.331,1,4929,43,9
1302,33.0009627,129.2959639,17.792,296.552,-9.381,1,4929,43,9
1303,33.0009577,129.2959637,17.792,295.002,-9.431,1,4929,43,9
1304,33.0009527,129.2959635,17.792,293.452,-9.481,1,4929,43,9
1305,33.0009476,129.2959633,17.792,291.902,-9.531,1,4929,43,9
1306,33.0009426,129.2959631,17.792,290.352,-9.581,1,4929,43,9
1307,33.0009376,129.2959629,17.792,288.802,-9.631,1,4929,43,9
1308,33.0009325,129.2959627,17.792,287.252,-9.681,1,4929,43,9
1309,33.0009275,129.2959625,17.792,285.702,-9.731,1,4929,43,9
1310,33.0009225,129.2959623,17.792,284.152,-9.781,1,4929,43,9
1311,33.0009174,129.2959621,17.792,282.602,-9.831,1,4929,43,9
1312,33.0009124,129.2959619,17.792,281.052,-9.881,1,4929,43,9
1313,33.0009074,129.2959617,17.792,279.502,-9.931,1,4929,43,9
1314,33.0009023,129.295961,17.792,277.952,-10.131,1,4929,43,9
1315,33.0008973,129.2959602,17.792,276.402,-10.331,1,4929,43,9
1316,33.0008923,129.2959594,17.792,274.852,-10.531,1,4929,43,9
1317,33.0008872,129.2959577,17.792,273.302,-10.981,1,4929,43,9
1318,33.0008822,129.295956,17.792,271.752,-11.431,1,4929,43,9
1319,33.0008772,129.2959536,17.792,270.202,-12.031,1,4929,43,9
1320,33.0008721,129.2959508,17.792,268.652,-12.781,1,4929,43,9
1321,33.0008671,129.2959479,17.792,267.102,-13.531,1,4929,43,9
1322,33.0008608,129.2959456,17.792,265.152,-14.131,1,4929,43,9
1323,33.000857,129.2959436,17.792,264.002,-14.631,1,4929,43,9
1324,33.000852,129.2959421,17.792,262.452,-15.031,1,4929,43,9
1325,33.0008751,129.3000091,17.792,269.552,2.369,1,4929,44,0
1326,33.0008772,129.300003,17.792,270.202,0.769,1,4929,44,0
1327,33.0008785,129.2959968,17.792,270.602,-0.831,1,4929,43,9
1328,33.000879,129.2959906,17.792,270.752,-2.431,1,4929,43,9
1329,33.0008786,129.2959845,17.792,270.652,-4.031,1,4929,43,9
1330,33.0008777,129.2959783,17.792,270.352,-5.631,1,4929,43,9
1331,33.000876,129.2959721,17.792,269.852,-7.231,1,4929,43,9
1332,33.0008736,129.295966,17.792,269.102,-8.831,1,4929,43,9
1333,33.0008707,129.2959598,17.792,268.202,-10.431,1,4929,43,9
1334,33.0008655,129.2959531,17.792,266.602,-12.181,1,4929,43,9
1336,33.0008564,129.2959388,17.792,263.802,-15.881,1,4929,43,9
1337,33.0008525,129.2959321,17.792,262.602,-17.631,1,4929,43,9
1338,33.0008484,129.2959255,17.792,261.352,-19.331,1,4929,43,9
1339,33.0008447,129.2959188,17.792,260.202,-21.081,1,4929,43,9
1340,33.0008415,129.295912,17.792,259.202,-22.831,1,4929,43,9
1341,33.0008382,129.2959053,17.792,258.202,-24.581,1,4929,43,9
1342,33.0008355,129.2958986,17.792,257.352,-26.331,1,4929,43,9
1343,33.0008329,129.2958918,17.792,256.552,-28.081,1,4929,43,9
1344,33.0008303,129.2958847,17.792,255.752,-29.931,1,4929,43,9
1345,33.0008277,129.2958772,17.792,254.952,-31.881,1,4929,43,9
1346,33.0008252,129.2958697,17.792,254.202,-33.831,1,4929,43,9
1347,33.0008225,129.2958621,17.792,253.352,-35.781,1,4929,43,9
1348,33.0008199,129.2958546,17.792,252.552,-37.731,1,4929,43,9
1349,33.0008174,129.2958471,17.792,251.802,-39.681,1,4929,43,9
1350,33.0008147,129.2958396,17.792,250.952,-41.631,1,4929,43,9
1351,33.0008121,129.2958321,17.792,250.152,-43.581,1,4929,43,9
1352,33.0008093,129.2958246,17.792,249.302,-45.531,1,4929,43,9
1353,33.0008066,129.2958171,17.792,248.452,-47.481,1,4929,43,9
1354,33.0008035,129.2958096,17.792,247.502,-49.431,1,4929,43,9
1355,33.0008006,129.295802,17.792,246.602,-51.381,1,4929,43,9
1356,33.0007975,129.2957945,17.792,245.652,-53.331,1,4929,43,9
1357,33.0007944,129.295787,17.792,244.702,-55.281,1,4929,43,9
1358,33.0007913,129.2957795,17.792,243.752,-57.231,1,4929,43,9
1359,33.0007881,129.295772,17.792,242.752,-59.181,1,4929,43,9
1360,33.000785,129.2957645,17.792,241.802,-61.131,1,4929,43,9
1361,33.0007816,129.295757,17.792,240.752,-63.081,1,4929,43,9
1362,33.0007783,129.2957495,17.792,239.752,-65.031,1,4929,43,9
1363,33.000778,129.295745,17.792,239.652,-66.181,1,4929,43,9
1364,33.0007754,129.2957402,17.792,238.852,-67.431,1,4929,43,9
1365,33.000847,129.2959409,17.792,260.902,-15.331,1,4929,43,9
1366,33.000842,129.2959405,17.792,259.352,-15.431,1,4929,43,9
1367,33.0008369,129.2959402,17.792,257.802,-15.531,1,4929,43,9
1368,33.0008319,129.2959405,17.792,256.252,-15.431,1,4929,43,9
1369,33.0008269,129.2959419,17.792,254.702,-15.081,1,4929,43,9
1370,33.0008218,129.295944,17.792,253.152,-14.531,1,4929,43,9
1371,33.0008168,129.2959467,17.792,251.602,-13.831,1,4929,43,9
1372,33.0008118,129.2959504,17.792,250.052,-12.881,1,4929,43,9
1373,33.0008067,129.295956,17.792,248.502,-11.431,1,4929,43,9
1374,33.0008017,129.2959629,17.792,246.952,-9.631,1,4929,43,9
1376,33.0007929,129.295976,17.792,244.252,-6.231,1,4929,43,9
1377,33.0007905,129.29598,17.792,243.502,-5.181,1,4929,43,9
1378,32.5959602,129.3000464,17.792,-12.258,12.043,1,4929,34,90
1379,32.5959641,129.3000687,17.792,-11.058,17.843,1,4929,34,90
1380,33.0000859,129.3007086,17.792,26.448,183.941,1,4929,44,0
1381,33.0001006,129.3007275,17.792,30.998,188.841,1,4929,44,0
1382,33.0000839,129.3006246,17.792,25.855,162.119,1,4929,44,0
1383,33.0000748,129.300634,17.792,23.055,164.569,1,4929,44,0
1384,33.0001359,129.3006209,17.792,41.858,161.167,1,4929,44,0
1385,33.0001526,129.3006467,17.792,47.008,167.867,1,4929,44,0
1386,33.0001603,129.3007034,17.792,49.377,182.582,1,4929,44,0
1387,33.0001496,129.3007206,17.792,46.077,187.032,1,4929,44,0
1388,33.0001608,129.3008606,17.792,49.522,223.378,1,4929,44,0
1389,33.0001666,129.300875,17.792,51.322,227.128,1,4929,44,0
